"scenario","year","variable","value","units","version"
"1pctCO2",1745,"gmst",0,"degC","3.5.0"
"1pctCO2",1746,"gmst",0,"degC","3.5.0"
"1pctCO2",1747,"gmst",0,"degC","3.5.0"
"1pctCO2",1748,"gmst",0,"degC","3.5.0"
"1pctCO2",1749,"gmst",0,"degC","3.5.0"
"1pctCO2",1750,"gmst",0,"degC","3.5.0"
"1pctCO2",1751,"gmst",-7.88619031332594e-08,"degC","3.5.0"
"1pctCO2",1752,"gmst",-1.65223856953448e-07,"degC","3.5.0"
"1pctCO2",1753,"gmst",-2.29940705124843e-07,"degC","3.5.0"
"1pctCO2",1754,"gmst",-2.72199447469573e-07,"degC","3.5.0"
"1pctCO2",1755,"gmst",-2.96706358337974e-07,"degC","3.5.0"
"1pctCO2",1756,"gmst",-3.08072645204413e-07,"degC","3.5.0"
"1pctCO2",1757,"gmst",-3.09819772446526e-07,"degC","3.5.0"
"1pctCO2",1758,"gmst",-3.04478861016039e-07,"degC","3.5.0"
"1pctCO2",1759,"gmst",-2.93855877005418e-07,"degC","3.5.0"
"1pctCO2",1760,"gmst",-2.79254496445349e-07,"degC","3.5.0"
"1pctCO2",1761,"gmst",-2.6163287266833e-07,"degC","3.5.0"
"1pctCO2",1762,"gmst",-2.41708738806758e-07,"degC","3.5.0"
"1pctCO2",1763,"gmst",-2.20029477539906e-07,"degC","3.5.0"
"1pctCO2",1764,"gmst",-1.97019356530485e-07,"degC","3.5.0"
"1pctCO2",1765,"gmst",-1.73011931068379e-07,"degC","3.5.0"
"1pctCO2",1766,"gmst",-1.4827270309992e-07,"degC","3.5.0"
"1pctCO2",1767,"gmst",-1.23015270397727e-07,"degC","3.5.0"
"1pctCO2",1768,"gmst",-9.74130437492948e-08,"degC","3.5.0"
"1pctCO2",1769,"gmst",-7.16078914438995e-08,"degC","3.5.0"
"1pctCO2",1770,"gmst",-4.57166156834044e-08,"degC","3.5.0"
"1pctCO2",1771,"gmst",-1.98358740043351e-08,"degC","3.5.0"
"1pctCO2",1772,"gmst",5.954031072619e-09,"degC","3.5.0"
"1pctCO2",1773,"gmst",3.15861986224226e-08,"degC","3.5.0"
"1pctCO2",1774,"gmst",5.70048010228991e-08,"degC","3.5.0"
"1pctCO2",1775,"gmst",8.21632291504901e-08,"degC","3.5.0"
"1pctCO2",1776,"gmst",1.07022600466243e-07,"degC","3.5.0"
"1pctCO2",1777,"gmst",1.31550547897983e-07,"degC","3.5.0"
"1pctCO2",1778,"gmst",1.55720228323576e-07,"degC","3.5.0"
"1pctCO2",1779,"gmst",1.7950950473065e-07,"degC","3.5.0"
"1pctCO2",1780,"gmst",2.02900266407503e-07,"degC","3.5.0"
"1pctCO2",1781,"gmst",2.25877860237211e-07,"degC","3.5.0"
"1pctCO2",1782,"gmst",2.48430611969703e-07,"degC","3.5.0"
"1pctCO2",1783,"gmst",2.70549420644247e-07,"degC","3.5.0"
"1pctCO2",1784,"gmst",2.92227413767694e-07,"degC","3.5.0"
"1pctCO2",1785,"gmst",3.13459651971164e-07,"degC","3.5.0"
"1pctCO2",1786,"gmst",3.34242875383518e-07,"degC","3.5.0"
"1pctCO2",1787,"gmst",3.5457528473688e-07,"degC","3.5.0"
"1pctCO2",1788,"gmst",3.74456351802045e-07,"degC","3.5.0"
"1pctCO2",1789,"gmst",3.93886654580238e-07,"degC","3.5.0"
"1pctCO2",1790,"gmst",4.12867733630162e-07,"degC","3.5.0"
"1pctCO2",1791,"gmst",4.3140196609125e-07,"degC","3.5.0"
"1pctCO2",1792,"gmst",4.49492456019702e-07,"degC","3.5.0"
"1pctCO2",1793,"gmst",4.67142937061408e-07,"degC","3.5.0"
"1pctCO2",1794,"gmst",4.84357687200953e-07,"degC","3.5.0"
"1pctCO2",1795,"gmst",5.01141453606307e-07,"degC","3.5.0"
"1pctCO2",1796,"gmst",5.17499385817784e-07,"degC","3.5.0"
"1pctCO2",1797,"gmst",5.33436976826214e-07,"degC","3.5.0"
"1pctCO2",1798,"gmst",5.48960010870358e-07,"degC","3.5.0"
"1pctCO2",1799,"gmst",5.64074516928241e-07,"degC","3.5.0"
"1pctCO2",1800,"gmst",5.78786727572771e-07,"degC","3.5.0"
"1pctCO2",1801,"gmst",0.00474518046521499,"degC","3.5.0"
"1pctCO2",1802,"gmst",0.0135123002903701,"degC","3.5.0"
"1pctCO2",1803,"gmst",0.0251718827258254,"degC","3.5.0"
"1pctCO2",1804,"gmst",0.0390203106224936,"degC","3.5.0"
"1pctCO2",1805,"gmst",0.0545882653828197,"degC","3.5.0"
"1pctCO2",1806,"gmst",0.0715467721909435,"degC","3.5.0"
"1pctCO2",1807,"gmst",0.0896564443954755,"degC","3.5.0"
"1pctCO2",1808,"gmst",0.10873786312493,"degC","3.5.0"
"1pctCO2",1809,"gmst",0.128653239029498,"degC","3.5.0"
"1pctCO2",1810,"gmst",0.149294535702458,"degC","3.5.0"
"1pctCO2",1811,"gmst",0.170575502445369,"degC","3.5.0"
"1pctCO2",1812,"gmst",0.192426177335698,"degC","3.5.0"
"1pctCO2",1813,"gmst",0.214789002958041,"degC","3.5.0"
"1pctCO2",1814,"gmst",0.237616025723612,"degC","3.5.0"
"1pctCO2",1815,"gmst",0.260866838273095,"degC","3.5.0"
"1pctCO2",1816,"gmst",0.284507044462261,"degC","3.5.0"
"1pctCO2",1817,"gmst",0.308507096075792,"degC","3.5.0"
"1pctCO2",1818,"gmst",0.332841398728527,"degC","3.5.0"
"1pctCO2",1819,"gmst",0.357487617166798,"degC","3.5.0"
"1pctCO2",1820,"gmst",0.382426128096574,"degC","3.5.0"
"1pctCO2",1821,"gmst",0.407639584442119,"degC","3.5.0"
"1pctCO2",1822,"gmst",0.433112566104894,"degC","3.5.0"
"1pctCO2",1823,"gmst",0.458831295933202,"degC","3.5.0"
"1pctCO2",1824,"gmst",0.484783407150208,"degC","3.5.0"
"1pctCO2",1825,"gmst",0.510957752149441,"degC","3.5.0"
"1pctCO2",1826,"gmst",0.537344242817439,"degC","3.5.0"
"1pctCO2",1827,"gmst",0.563933717414673,"degC","3.5.0"
"1pctCO2",1828,"gmst",0.59071782809513,"degC","3.5.0"
"1pctCO2",1829,"gmst",0.617688945016959,"degC","3.5.0"
"1pctCO2",1830,"gmst",0.644840075709047,"degC","3.5.0"
"1pctCO2",1831,"gmst",0.672164794831237,"degC","3.5.0"
"1pctCO2",1832,"gmst",0.699657183878315,"degC","3.5.0"
"1pctCO2",1833,"gmst",0.727311779608521,"degC","3.5.0"
"1pctCO2",1834,"gmst",0.755123528055918,"degC","3.5.0"
"1pctCO2",1835,"gmst",0.78308774501217,"degC","3.5.0"
"1pctCO2",1836,"gmst",0.811200081491367,"degC","3.5.0"
"1pctCO2",1837,"gmst",0.839456492703027,"degC","3.5.0"
"1pctCO2",1838,"gmst",0.86785321105753,"degC","3.5.0"
"1pctCO2",1839,"gmst",0.896386722078418,"degC","3.5.0"
"1pctCO2",1840,"gmst",0.925053742885712,"degC","3.5.0"
"1pctCO2",1841,"gmst",0.953851203303341,"degC","3.5.0"
"1pctCO2",1842,"gmst",0.98277622840157,"degC","3.5.0"
"1pctCO2",1843,"gmst",1.01182612323441,"degC","3.5.0"
"1pctCO2",1844,"gmst",1.0409983590734,"degC","3.5.0"
"1pctCO2",1845,"gmst",1.07029056066165,"degC","3.5.0"
"1pctCO2",1846,"gmst",1.09970049509706,"degC","3.5.0"
"1pctCO2",1847,"gmst",1.12922606124655,"degC","3.5.0"
"1pctCO2",1848,"gmst",1.1588652806285,"degC","3.5.0"
"1pctCO2",1849,"gmst",1.1886162888436,"degC","3.5.0"
"1pctCO2",1850,"gmst",1.21847732766402,"degC","3.5.0"
"1pctCO2",1851,"gmst",1.24844673798435,"degC","3.5.0"
"1pctCO2",1852,"gmst",1.27852295309022,"degC","3.5.0"
"1pctCO2",1853,"gmst",1.30870449296686,"degC","3.5.0"
"1pctCO2",1854,"gmst",1.33898995846094,"degC","3.5.0"
"1pctCO2",1855,"gmst",1.36937802636419,"degC","3.5.0"
"1pctCO2",1856,"gmst",1.39986744441979,"degC","3.5.0"
"1pctCO2",1857,"gmst",1.43045702727191,"degC","3.5.0"
"1pctCO2",1858,"gmst",1.46114565203751,"degC","3.5.0"
"1pctCO2",1859,"gmst",1.49193225485568,"degC","3.5.0"
"1pctCO2",1860,"gmst",1.52281582713059,"degC","3.5.0"
"1pctCO2",1861,"gmst",1.55379541246273,"degC","3.5.0"
"1pctCO2",1862,"gmst",1.58487010334562,"degC","3.5.0"
"1pctCO2",1863,"gmst",1.61603903851839,"degC","3.5.0"
"1pctCO2",1864,"gmst",1.64730140014706,"degC","3.5.0"
"1pctCO2",1865,"gmst",1.67865641121126,"degC","3.5.0"
"1pctCO2",1866,"gmst",1.71010333341579,"degC","3.5.0"
"1pctCO2",1867,"gmst",1.74164146476051,"degC","3.5.0"
"1pctCO2",1868,"gmst",1.77327013747369,"degC","3.5.0"
"1pctCO2",1869,"gmst",1.80498871584646,"degC","3.5.0"
"1pctCO2",1870,"gmst",1.83679659461135,"degC","3.5.0"
"1pctCO2",1871,"gmst",1.86869319715471,"degC","3.5.0"
"1pctCO2",1872,"gmst",1.90067797345946,"degC","3.5.0"
"1pctCO2",1873,"gmst",1.93275039897226,"degC","3.5.0"
"1pctCO2",1874,"gmst",1.96490997263508,"degC","3.5.0"
"1pctCO2",1875,"gmst",1.99715621575579,"degC","3.5.0"
"1pctCO2",1876,"gmst",2.02948867027111,"degC","3.5.0"
"1pctCO2",1877,"gmst",2.06190689764317,"degC","3.5.0"
"1pctCO2",1878,"gmst",2.09441047758713,"degC","3.5.0"
"1pctCO2",1879,"gmst",2.12699900649773,"degC","3.5.0"
"1pctCO2",1880,"gmst",2.15967209670812,"degC","3.5.0"
"1pctCO2",1881,"gmst",2.19242937501188,"degC","3.5.0"
"1pctCO2",1882,"gmst",2.22527048150967,"degC","3.5.0"
"1pctCO2",1883,"gmst",2.25819506882985,"degC","3.5.0"
"1pctCO2",1884,"gmst",2.29120280077069,"degC","3.5.0"
"1pctCO2",1885,"gmst",2.3242933514367,"degC","3.5.0"
"1pctCO2",1886,"gmst",2.35746640420089,"degC","3.5.0"
"1pctCO2",1887,"gmst",2.39072165070216,"degC","3.5.0"
"1pctCO2",1888,"gmst",2.42405878998917,"degC","3.5.0"
"1pctCO2",1889,"gmst",2.45747752737951,"degC","3.5.0"
"1pctCO2",1890,"gmst",2.49097757386428,"degC","3.5.0"
"1pctCO2",1891,"gmst",2.52455864489818,"degC","3.5.0"
"1pctCO2",1892,"gmst",2.55822045978817,"degC","3.5.0"
"1pctCO2",1893,"gmst",2.59196274050015,"degC","3.5.0"
"1pctCO2",1894,"gmst",2.62578521120597,"degC","3.5.0"
"1pctCO2",1895,"gmst",2.65968759700251,"degC","3.5.0"
"1pctCO2",1896,"gmst",2.69366962343484,"degC","3.5.0"
"1pctCO2",1897,"gmst",2.7277310153728,"degC","3.5.0"
"1pctCO2",1898,"gmst",2.76187149642879,"degC","3.5.0"
"1pctCO2",1899,"gmst",2.79609078788696,"degC","3.5.0"
"1pctCO2",1900,"gmst",2.83038860809783,"degC","3.5.0"
"1pctCO2",1901,"gmst",2.86476467152923,"degC","3.5.0"
"1pctCO2",1902,"gmst",2.89921868789939,"degC","3.5.0"
"1pctCO2",1903,"gmst",2.93375036149753,"degC","3.5.0"
"1pctCO2",1904,"gmst",2.96835939021434,"degC","3.5.0"
"1pctCO2",1905,"gmst",3.00304546480444,"degC","3.5.0"
"1pctCO2",1906,"gmst",3.03780826802692,"degC","3.5.0"
"1pctCO2",1907,"gmst",3.07264747378722,"degC","3.5.0"
"1pctCO2",1908,"gmst",3.10756274629839,"degC","3.5.0"
"1pctCO2",1909,"gmst",3.14255373925059,"degC","3.5.0"
"1pctCO2",1910,"gmst",3.17762009498216,"degC","3.5.0"
"1pctCO2",1911,"gmst",3.21276144351651,"degC","3.5.0"
"1pctCO2",1912,"gmst",3.24797740168359,"degC","3.5.0"
"1pctCO2",1913,"gmst",3.28326757244976,"degC","3.5.0"
"1pctCO2",1914,"gmst",3.31863154375572,"degC","3.5.0"
"1pctCO2",1915,"gmst",3.35406888769812,"degC","3.5.0"
"1pctCO2",1916,"gmst",3.38957915966494,"degC","3.5.0"
"1pctCO2",1917,"gmst",3.42516189737605,"degC","3.5.0"
"1pctCO2",1918,"gmst",3.46081661992057,"degC","3.5.0"
"1pctCO2",1919,"gmst",3.49654282679465,"degC","3.5.0"
"1pctCO2",1920,"gmst",3.532339996811,"degC","3.5.0"
"1pctCO2",1921,"gmst",3.56820758738264,"degC","3.5.0"
"1pctCO2",1922,"gmst",3.60414503321701,"degC","3.5.0"
"1pctCO2",1923,"gmst",3.64015174555385,"degC","3.5.0"
"1pctCO2",1924,"gmst",3.67622711079202,"degC","3.5.0"
"1pctCO2",1925,"gmst",3.71237048976659,"degC","3.5.0"
"1pctCO2",1926,"gmst",3.74858121641103,"degC","3.5.0"
"1pctCO2",1927,"gmst",3.78485859680247,"degC","3.5.0"
"1pctCO2",1928,"gmst",3.82120190791372,"degC","3.5.0"
"1pctCO2",1929,"gmst",3.85761039651172,"degC","3.5.0"
"1pctCO2",1930,"gmst",3.89408327782052,"degC","3.5.0"
"1pctCO2",1931,"gmst",3.93061973534343,"degC","3.5.0"
"1pctCO2",1932,"gmst",3.96721891736048,"degC","3.5.0"
"1pctCO2",1933,"gmst",4.00387993779495,"degC","3.5.0"
"1pctCO2",1934,"gmst",4.04060187493786,"degC","3.5.0"
"1pctCO2",1935,"gmst",4.0773837681853,"degC","3.5.0"
"1pctCO2",1936,"gmst",4.11422461883663,"degC","3.5.0"
"1pctCO2",1937,"gmst",4.15112338746989,"degC","3.5.0"
"1pctCO2",1938,"gmst",4.18807899326086,"degC","3.5.0"
"1pctCO2",1939,"gmst",4.22509031174089,"degC","3.5.0"
"1pctCO2",1940,"gmst",4.26215617454581,"degC","3.5.0"
"1pctCO2",1941,"gmst",4.29927536643607,"degC","3.5.0"
"1pctCO2",1942,"gmst",4.33644662436049,"degC","3.5.0"
"1pctCO2",1943,"gmst",4.37366863751216,"degC","3.5.0"
"1pctCO2",1944,"gmst",4.41094004294168,"degC","3.5.0"
"1pctCO2",1945,"gmst",4.44825942632627,"degC","3.5.0"
"1pctCO2",1946,"gmst",4.48562531820279,"degC","3.5.0"
"1pctCO2",1947,"gmst",4.52303619446404,"degC","3.5.0"
"1pctCO2",1948,"gmst",4.56049047285885,"degC","3.5.0"
"1pctCO2",1949,"gmst",4.5979865117693,"degC","3.5.0"
"1pctCO2",1950,"gmst",4.63552260858474,"degC","3.5.0"
"1pctCO2",1951,"gmst",4.67309699828071,"degC","3.5.0"
"1pctCO2",1952,"gmst",4.71070784999216,"degC","3.5.0"
"1pctCO2",1953,"gmst",4.74835326688895,"degC","3.5.0"
"1pctCO2",1954,"gmst",4.78603128310055,"degC","3.5.0"
"1pctCO2",1955,"gmst",4.82373986138472,"degC","3.5.0"
"1pctCO2",1956,"gmst",4.86147689179849,"degC","3.5.0"
"1pctCO2",1957,"gmst",4.89924018967873,"degC","3.5.0"
"1pctCO2",1958,"gmst",4.9370274925455,"degC","3.5.0"
"1pctCO2",1959,"gmst",4.97483645835472,"degC","3.5.0"
"1pctCO2",1960,"gmst",5.01266466322959,"degC","3.5.0"
"1pctCO2",1961,"gmst",5.0505095994099,"degC","3.5.0"
"1pctCO2",1962,"gmst",5.08836867222083,"degC","3.5.0"
"1pctCO2",1963,"gmst",5.12623919783098,"degC","3.5.0"
"1pctCO2",1964,"gmst",5.16411840133207,"degC","3.5.0"
"1pctCO2",1965,"gmst",5.20200341255505,"degC","3.5.0"
"1pctCO2",1966,"gmst",5.23989126517283,"degC","3.5.0"
"1pctCO2",1967,"gmst",5.27777889319868,"degC","3.5.0"
"1pctCO2",1968,"gmst",5.3156631280513,"degC","3.5.0"
"1pctCO2",1969,"gmst",5.35354069605215,"degC","3.5.0"
"1pctCO2",1970,"gmst",5.39140821572425,"degC","3.5.0"
"1pctCO2",1971,"gmst",5.42926219414414,"degC","3.5.0"
"1pctCO2",1972,"gmst",5.46709902439057,"degC","3.5.0"
"1pctCO2",1973,"gmst",5.50491498212227,"degC","3.5.0"
"1pctCO2",1974,"gmst",5.54270622237375,"degC","3.5.0"
"1pctCO2",1975,"gmst",5.58046877733108,"degC","3.5.0"
"1pctCO2",1976,"gmst",5.6181985513073,"degC","3.5.0"
"1pctCO2",1977,"gmst",5.65589131788396,"degC","3.5.0"
"1pctCO2",1978,"gmst",5.69354271735784,"degC","3.5.0"
"1pctCO2",1979,"gmst",5.73114825205972,"degC","3.5.0"
"1pctCO2",1980,"gmst",5.76870328299928,"degC","3.5.0"
"1pctCO2",1981,"gmst",5.80620302612104,"degC","3.5.0"
"1pctCO2",1982,"gmst",5.84364254834809,"degC","3.5.0"
"1pctCO2",1983,"gmst",5.88101676383053,"degC","3.5.0"
"1pctCO2",1984,"gmst",5.91832043001632,"degC","3.5.0"
"1pctCO2",1985,"gmst",5.95554814290671,"degC","3.5.0"
"1pctCO2",1986,"gmst",5.99269433350621,"degC","3.5.0"
"1pctCO2",1987,"gmst",6.0297532631423,"degC","3.5.0"
"1pctCO2",1988,"gmst",6.06671901890913,"degC","3.5.0"
"1pctCO2",1989,"gmst",6.10358817003443,"degC","3.5.0"
"1pctCO2",1990,"gmst",6.14037781283926,"degC","3.5.0"
"1pctCO2",1991,"gmst",6.17710659096778,"degC","3.5.0"
"1pctCO2",1992,"gmst",6.21378799004185,"degC","3.5.0"
"1pctCO2",1993,"gmst",6.2504317207054,"degC","3.5.0"
"1pctCO2",1994,"gmst",6.28704505704021,"degC","3.5.0"
"1pctCO2",1995,"gmst",6.32363361225277,"degC","3.5.0"
"1pctCO2",1996,"gmst",6.36020182202475,"degC","3.5.0"
"1pctCO2",1997,"gmst",6.39675325951588,"degC","3.5.0"
"1pctCO2",1998,"gmst",6.43329085096008,"degC","3.5.0"
"1pctCO2",1999,"gmst",6.4698170261452,"degC","3.5.0"
"1pctCO2",2000,"gmst",6.50633382791623,"degC","3.5.0"
"1pctCO2",2001,"gmst",6.54284299177979,"degC","3.5.0"
"1pctCO2",2002,"gmst",6.57934600616857,"degC","3.5.0"
"1pctCO2",2003,"gmst",6.61584415763465,"degC","3.5.0"
"1pctCO2",2004,"gmst",6.65233856695563,"degC","3.5.0"
"1pctCO2",2005,"gmst",6.68883021647923,"degC","3.5.0"
"1pctCO2",2006,"gmst",6.72531997192422,"degC","3.5.0"
"1pctCO2",2007,"gmst",6.7618086006317,"degC","3.5.0"
"1pctCO2",2008,"gmst",6.79829678512009,"degC","3.5.0"
"1pctCO2",2009,"gmst",6.83478513575696,"degC","3.5.0"
"1pctCO2",2010,"gmst",6.87127419984033,"degC","3.5.0"
"1pctCO2",2011,"gmst",6.90776446971035,"degC","3.5.0"
"1pctCO2",2012,"gmst",6.94425638960615,"degC","3.5.0"
"1pctCO2",2013,"gmst",6.98075036161694,"degC","3.5.0"
"1pctCO2",2014,"gmst",7.01724675045162,"degC","3.5.0"
"1pctCO2",2015,"gmst",7.05374588745397,"degC","3.5.0"
"1pctCO2",2016,"gmst",7.09024807448334,"degC","3.5.0"
"1pctCO2",2017,"gmst",7.1267535865565,"degC","3.5.0"
"1pctCO2",2018,"gmst",7.16326267518424,"degC","3.5.0"
"1pctCO2",2019,"gmst",7.19977557016794,"degC","3.5.0"
"1pctCO2",2020,"gmst",7.23629248194089,"degC","3.5.0"
"1pctCO2",2021,"gmst",7.27281360364101,"degC","3.5.0"
"1pctCO2",2022,"gmst",7.30933911240385,"degC","3.5.0"
"1pctCO2",2023,"gmst",7.34586917067533,"degC","3.5.0"
"1pctCO2",2024,"gmst",7.3824039275888,"degC","3.5.0"
"1pctCO2",2025,"gmst",7.41894352034338,"degC","3.5.0"
"1pctCO2",2026,"gmst",7.45548807494626,"degC","3.5.0"
"1pctCO2",2027,"gmst",7.49203770743023,"degC","3.5.0"
"1pctCO2",2028,"gmst",7.52859252431242,"degC","3.5.0"
"1pctCO2",2029,"gmst",7.56515262354068,"degC","3.5.0"
"1pctCO2",2030,"gmst",7.60171809513417,"degC","3.5.0"
"1pctCO2",2031,"gmst",7.63828902187496,"degC","3.5.0"
"1pctCO2",2032,"gmst",7.67486547950611,"degC","3.5.0"
"1pctCO2",2033,"gmst",7.71144753764302,"degC","3.5.0"
"1pctCO2",2034,"gmst",7.74803526017845,"degC","3.5.0"
"1pctCO2",2035,"gmst",7.78462870555149,"degC","3.5.0"
"1pctCO2",2036,"gmst",7.82122792716097,"degC","3.5.0"
"1pctCO2",2037,"gmst",7.85783297370525,"degC","3.5.0"
"1pctCO2",2038,"gmst",7.89444388979663,"degC","3.5.0"
"1pctCO2",2039,"gmst",7.93106071555579,"degC","3.5.0"
"1pctCO2",2040,"gmst",7.96768348764456,"degC","3.5.0"
"1pctCO2",2041,"gmst",8.00431223929339,"degC","3.5.0"
"1pctCO2",2042,"gmst",8.04094700002526,"degC","3.5.0"
"1pctCO2",2043,"gmst",8.07758779682509,"degC","3.5.0"
"1pctCO2",2044,"gmst",8.1142346534135,"degC","3.5.0"
"1pctCO2",2045,"gmst",8.1508875910234,"degC","3.5.0"
"1pctCO2",2046,"gmst",8.18754662829869,"degC","3.5.0"
"1pctCO2",2047,"gmst",8.22421178141805,"degC","3.5.0"
"1pctCO2",2048,"gmst",8.2608830647002,"degC","3.5.0"
"1pctCO2",2049,"gmst",8.29756048992711,"degC","3.5.0"
"1pctCO2",2050,"gmst",8.33424406730854,"degC","3.5.0"
"1pctCO2",2051,"gmst",8.37093380490806,"degC","3.5.0"
"1pctCO2",2052,"gmst",8.40762970943416,"degC","3.5.0"
"1pctCO2",2053,"gmst",8.44433178570613,"degC","3.5.0"
"1pctCO2",2054,"gmst",8.48104003716144,"degC","3.5.0"
"1pctCO2",2055,"gmst",8.51775446571251,"degC","3.5.0"
"1pctCO2",2056,"gmst",8.55447507197761,"degC","3.5.0"
"1pctCO2",2057,"gmst",8.59120185546626,"degC","3.5.0"
"1pctCO2",2058,"gmst",8.62793481422295,"degC","3.5.0"
"1pctCO2",2059,"gmst",8.66467394536727,"degC","3.5.0"
"1pctCO2",2060,"gmst",8.70141924496112,"degC","3.5.0"
"1pctCO2",2061,"gmst",8.73817070808068,"degC","3.5.0"
"1pctCO2",2062,"gmst",8.77492832872728,"degC","3.5.0"
"1pctCO2",2063,"gmst",8.81169210026512,"degC","3.5.0"
"1pctCO2",2064,"gmst",8.84846201505474,"degC","3.5.0"
"1pctCO2",2065,"gmst",8.88523806461662,"degC","3.5.0"
"1pctCO2",2066,"gmst",8.92202024004817,"degC","3.5.0"
"1pctCO2",2067,"gmst",8.9588085314823,"degC","3.5.0"
"1pctCO2",2068,"gmst",8.99560292836944,"degC","3.5.0"
"1pctCO2",2069,"gmst",9.03240341986657,"degC","3.5.0"
"1pctCO2",2070,"gmst",9.06920999427746,"degC","3.5.0"
"1pctCO2",2071,"gmst",9.0973149468118,"degC","3.5.0"
"1pctCO2",2072,"gmst",9.11781760242799,"degC","3.5.0"
"1pctCO2",2073,"gmst",9.13286385829374,"degC","3.5.0"
"1pctCO2",2074,"gmst",9.1438728761984,"degC","3.5.0"
"1pctCO2",2075,"gmst",9.15172548587462,"degC","3.5.0"
"1pctCO2",2076,"gmst",9.1569853689028,"degC","3.5.0"
"1pctCO2",2077,"gmst",9.16007965325486,"degC","3.5.0"
"1pctCO2",2078,"gmst",9.16135452531318,"degC","3.5.0"
"1pctCO2",2079,"gmst",9.16107600495459,"degC","3.5.0"
"1pctCO2",2080,"gmst",9.15944364970508,"degC","3.5.0"
"1pctCO2",2081,"gmst",9.1566157959802,"degC","3.5.0"
"1pctCO2",2082,"gmst",9.15272488663909,"degC","3.5.0"
"1pctCO2",2083,"gmst",9.14788175266981,"degC","3.5.0"
"1pctCO2",2084,"gmst",9.14217842796325,"degC","3.5.0"
"1pctCO2",2085,"gmst",9.13569253805261,"degC","3.5.0"
"1pctCO2",2086,"gmst",9.12849097680436,"degC","3.5.0"
"1pctCO2",2087,"gmst",9.1206319466142,"degC","3.5.0"
"1pctCO2",2088,"gmst",9.11216631749393,"degC","3.5.0"
"1pctCO2",2089,"gmst",9.10313889764855,"degC","3.5.0"
"1pctCO2",2090,"gmst",9.09358950801745,"degC","3.5.0"
"1pctCO2",2091,"gmst",9.08355377900459,"degC","3.5.0"
"1pctCO2",2092,"gmst",9.07306376726266,"degC","3.5.0"
"1pctCO2",2093,"gmst",9.06214846910871,"degC","3.5.0"
"1pctCO2",2094,"gmst",9.05083424568656,"degC","3.5.0"
"1pctCO2",2095,"gmst",9.03914517040464,"degC","3.5.0"
"1pctCO2",2096,"gmst",9.02710331641534,"degC","3.5.0"
"1pctCO2",2097,"gmst",9.01472899767791,"degC","3.5.0"
"1pctCO2",2098,"gmst",9.00204097215524,"degC","3.5.0"
"1pctCO2",2099,"gmst",8.98905661391609,"degC","3.5.0"
"1pctCO2",2100,"gmst",8.9757920597852,"degC","3.5.0"
"1pctCO2",1745,"global_tas",0,"degC","3.5.0"
"1pctCO2",1746,"global_tas",0,"degC","3.5.0"
"1pctCO2",1747,"global_tas",0,"degC","3.5.0"
"1pctCO2",1748,"global_tas",0,"degC","3.5.0"
"1pctCO2",1749,"global_tas",0,"degC","3.5.0"
"1pctCO2",1750,"global_tas",0,"degC","3.5.0"
"1pctCO2",1751,"global_tas",-8.64806516258497e-08,"degC","3.5.0"
"1pctCO2",1752,"global_tas",-1.87768794086156e-07,"degC","3.5.0"
"1pctCO2",1753,"global_tas",-2.65319796785594e-07,"degC","3.5.0"
"1pctCO2",1754,"global_tas",-3.16729201178338e-07,"degC","3.5.0"
"1pctCO2",1755,"global_tas",-3.47094097801041e-07,"degC","3.5.0"
"1pctCO2",1756,"global_tas",-3.61743976433976e-07,"degC","3.5.0"
"1pctCO2",1757,"global_tas",-3.64833093281382e-07,"degC","3.5.0"
"1pctCO2",1758,"global_tas",-3.59376424967888e-07,"degC","3.5.0"
"1pctCO2",1759,"global_tas",-3.47536298554123e-07,"degC","3.5.0"
"1pctCO2",1760,"global_tas",-3.30878145341989e-07,"degC","3.5.0"
"1pctCO2",1761,"global_tas",-3.10554431366358e-07,"degC","3.5.0"
"1pctCO2",1762,"global_tas",-2.87429350325501e-07,"degC","3.5.0"
"1pctCO2",1763,"global_tas",-2.62162468349819e-07,"degC","3.5.0"
"1pctCO2",1764,"global_tas",-2.35265309578884e-07,"degC","3.5.0"
"1pctCO2",1765,"global_tas",-2.07140251471443e-07,"degC","3.5.0"
"1pctCO2",1766,"global_tas",-1.78107755843539e-07,"degC","3.5.0"
"1pctCO2",1767,"global_tas",-1.4842578973196e-07,"degC","3.5.0"
"1pctCO2",1768,"global_tas",-1.18303922281319e-07,"degC","3.5.0"
"1pctCO2",1769,"global_tas",-8.7913727619192e-08,"degC","3.5.0"
"1pctCO2",1770,"global_tas",-5.73965800942659e-08,"degC","3.5.0"
"1pctCO2",1771,"global_tas",-2.68695787177711e-08,"degC","3.5.0"
"1pctCO2",1772,"global_tas",3.56989034648365e-09,"degC","3.5.0"
"1pctCO2",1773,"global_tas",3.38405976467703e-08,"degC","3.5.0"
"1pctCO2",1774,"global_tas",6.38746667966684e-08,"degC","3.5.0"
"1pctCO2",1775,"global_tas",9.36153407824602e-08,"degC","3.5.0"
"1pctCO2",1776,"global_tas",1.23015185119379e-07,"degC","3.5.0"
"1pctCO2",1777,"global_tas",1.52034629087152e-07,"degC","3.5.0"
"1pctCO2",1778,"global_tas",1.80640771366554e-07,"degC","3.5.0"
"1pctCO2",1779,"global_tas",2.08806394764804e-07,"degC","3.5.0"
"1pctCO2",1780,"global_tas",2.36509147183139e-07,"degC","3.5.0"
"1pctCO2",1781,"global_tas",2.63730856348235e-07,"degC","3.5.0"
"1pctCO2",1782,"global_tas",2.90456952898613e-07,"degC","3.5.0"
"1pctCO2",1783,"global_tas",3.16675981590744e-07,"degC","3.5.0"
"1pctCO2",1784,"global_tas",3.4237918560516e-07,"degC","3.5.0"
"1pctCO2",1785,"global_tas",3.67560150525406e-07,"degC","3.5.0"
"1pctCO2",1786,"global_tas",3.92214498501338e-07,"degC","3.5.0"
"1pctCO2",1787,"global_tas",4.16339624270431e-07,"degC","3.5.0"
"1pctCO2",1788,"global_tas",4.39934466494862e-07,"degC","3.5.0"
"1pctCO2",1789,"global_tas",4.62999308926959e-07,"degC","3.5.0"
"1pctCO2",1790,"global_tas",4.8553560702572e-07,"degC","3.5.0"
"1pctCO2",1791,"global_tas",5.07545835930929e-07,"degC","3.5.0"
"1pctCO2",1792,"global_tas",5.2903335797097e-07,"degC","3.5.0"
"1pctCO2",1793,"global_tas",5.5000230521523e-07,"degC","3.5.0"
"1pctCO2",1794,"global_tas",5.70457476427186e-07,"degC","3.5.0"
"1pctCO2",1795,"global_tas",5.90404246230661e-07,"degC","3.5.0"
"1pctCO2",1796,"global_tas",6.0984848437183e-07,"degC","3.5.0"
"1pctCO2",1797,"global_tas",6.28796484430433e-07,"degC","3.5.0"
"1pctCO2",1798,"global_tas",6.4725490065171e-07,"degC","3.5.0"
"1pctCO2",1799,"global_tas",6.65230691661558e-07,"degC","3.5.0"
"1pctCO2",1800,"global_tas",6.82731070614352e-07,"degC","3.5.0"
"1pctCO2",1801,"global_tas",0.00520365569622747,"degC","3.5.0"
"1pctCO2",1802,"global_tas",0.0152138039065179,"degC","3.5.0"
"1pctCO2",1803,"global_tas",0.0286939037702484,"degC","3.5.0"
"1pctCO2",1804,"global_tas",0.0448049858053827,"degC","3.5.0"
"1pctCO2",1805,"global_tas",0.0629849094004951,"degC","3.5.0"
"1pctCO2",1806,"global_tas",0.0828386484721009,"degC","3.5.0"
"1pctCO2",1807,"global_tas",0.10407836631485,"degC","3.5.0"
"1pctCO2",1808,"global_tas",0.126488173154683,"degC","3.5.0"
"1pctCO2",1809,"global_tas",0.149902201007843,"degC","3.5.0"
"1pctCO2",1810,"global_tas",0.174190363321993,"degC","3.5.0"
"1pctCO2",1811,"global_tas",0.199248786453098,"degC","3.5.0"
"1pctCO2",1812,"global_tas",0.224993201622089,"degC","3.5.0"
"1pctCO2",1813,"global_tas",0.251354273028749,"degC","3.5.0"
"1pctCO2",1814,"global_tas",0.278274228011985,"degC","3.5.0"
"1pctCO2",1815,"global_tas",0.305704380865939,"degC","3.5.0"
"1pctCO2",1816,"global_tas",0.33360328505369,"degC","3.5.0"
"1pctCO2",1817,"global_tas",0.361935332813121,"degC","3.5.0"
"1pctCO2",1818,"global_tas",0.390669678723855,"degC","3.5.0"
"1pctCO2",1819,"global_tas",0.419779403129345,"degC","3.5.0"
"1pctCO2",1820,"global_tas",0.449240853275835,"degC","3.5.0"
"1pctCO2",1821,"global_tas",0.479033118586471,"degC","3.5.0"
"1pctCO2",1822,"global_tas",0.509137609941835,"degC","3.5.0"
"1pctCO2",1823,"global_tas",0.539537717654998,"degC","3.5.0"
"1pctCO2",1824,"global_tas",0.570218531341579,"degC","3.5.0"
"1pctCO2",1825,"global_tas",0.60116660952988,"degC","3.5.0"
"1pctCO2",1826,"global_tas",0.632369787383776,"degC","3.5.0"
"1pctCO2",1827,"global_tas",0.663817016271084,"degC","3.5.0"
"1pctCO2",1828,"global_tas",0.695498228286833,"degC","3.5.0"
"1pctCO2",1829,"global_tas",0.727404220777901,"degC","3.5.0"
"1pctCO2",1830,"global_tas",0.759526559074312,"degC","3.5.0"
"1pctCO2",1831,"global_tas",0.791857491974598,"degC","3.5.0"
"1pctCO2",1832,"global_tas",0.824389879064277,"degC","3.5.0"
"1pctCO2",1833,"global_tas",0.857117128512307,"degC","3.5.0"
"1pctCO2",1834,"global_tas",0.890033141771863,"degC","3.5.0"
"1pctCO2",1835,"global_tas",0.923132265890967,"degC","3.5.0"
"1pctCO2",1836,"global_tas",0.95640925188789,"degC","3.5.0"
"1pctCO2",1837,"global_tas",0.98985921742228,"degC","3.5.0"
"1pctCO2",1838,"global_tas",1.02347761422147,"degC","3.5.0"
"1pctCO2",1839,"global_tas",1.05726019907142,"degC","3.5.0"
"1pctCO2",1840,"global_tas",1.09120300789455,"degC","3.5.0"
"1pctCO2",1841,"global_tas",1.12530233295061,"degC","3.5.0"
"1pctCO2",1842,"global_tas",1.15955470185519,"degC","3.5.0"
"1pctCO2",1843,"global_tas",1.19395685914464,"degC","3.5.0"
"1pctCO2",1844,"global_tas",1.22850574969124,"degC","3.5.0"
"1pctCO2",1845,"global_tas",1.26319850337449,"degC","3.5.0"
"1pctCO2",1846,"global_tas",1.29803242164249,"degC","3.5.0"
"1pctCO2",1847,"global_tas",1.33300496480904,"degC","3.5.0"
"1pctCO2",1848,"global_tas",1.3681137410138,"degC","3.5.0"
"1pctCO2",1849,"global_tas",1.40335649592427,"degC","3.5.0"
"1pctCO2",1850,"global_tas",1.43873110321031,"degC","3.5.0"
"1pctCO2",1851,"global_tas",1.47423555603283,"degC","3.5.0"
"1pctCO2",1852,"global_tas",1.50986795896167,"degC","3.5.0"
"1pctCO2",1853,"global_tas",1.54562652106663,"degC","3.5.0"
"1pctCO2",1854,"global_tas",1.58150954894506,"degC","3.5.0"
"1pctCO2",1855,"global_tas",1.61751544074954,"degC","3.5.0"
"1pctCO2",1856,"global_tas",1.65364268022141,"degC","3.5.0"
"1pctCO2",1857,"global_tas",1.68988983175148,"degC","3.5.0"
"1pctCO2",1858,"global_tas",1.72625553511614,"degC","3.5.0"
"1pctCO2",1859,"global_tas",1.76273850125215,"degC","3.5.0"
"1pctCO2",1860,"global_tas",1.79933750778948,"degC","3.5.0"
"1pctCO2",1861,"global_tas",1.83605139530918,"degC","3.5.0"
"1pctCO2",1862,"global_tas",1.87287906341262,"degC","3.5.0"
"1pctCO2",1863,"global_tas",1.90981946748797,"degC","3.5.0"
"1pctCO2",1864,"global_tas",1.94687161535226,"degC","3.5.0"
"1pctCO2",1865,"global_tas",1.98403456410195,"degC","3.5.0"
"1pctCO2",1866,"global_tas",2.02130741756352,"degC","3.5.0"
"1pctCO2",1867,"global_tas",2.05868932341403,"degC","3.5.0"
"1pctCO2",1868,"global_tas",2.09617947067132,"degC","3.5.0"
"1pctCO2",1869,"global_tas",2.1337770871135,"degC","3.5.0"
"1pctCO2",1870,"global_tas",2.17148143728523,"degC","3.5.0"
"1pctCO2",1871,"global_tas",2.20929182037179,"degC","3.5.0"
"1pctCO2",1872,"global_tas",2.24720756776074,"degC","3.5.0"
"1pctCO2",1873,"global_tas",2.2852280416004,"degC","3.5.0"
"1pctCO2",1874,"global_tas",2.32335263252265,"degC","3.5.0"
"1pctCO2",1875,"global_tas",2.36158075820922,"degC","3.5.0"
"1pctCO2",1876,"global_tas",2.39991186137359,"degC","3.5.0"
"1pctCO2",1877,"global_tas",2.43834540837843,"degC","3.5.0"
"1pctCO2",1878,"global_tas",2.47688088773039,"degC","3.5.0"
"1pctCO2",1879,"global_tas",2.51551780822432,"degC","3.5.0"
"1pctCO2",1880,"global_tas",2.55425569798009,"degC","3.5.0"
"1pctCO2",1881,"global_tas",2.59309410274386,"degC","3.5.0"
"1pctCO2",1882,"global_tas",2.63203258447709,"degC","3.5.0"
"1pctCO2",1883,"global_tas",2.67107072039266,"degC","3.5.0"
"1pctCO2",1884,"global_tas",2.71020810138363,"degC","3.5.0"
"1pctCO2",1885,"global_tas",2.74944433094449,"degC","3.5.0"
"1pctCO2",1886,"global_tas",2.78877902394975,"degC","3.5.0"
"1pctCO2",1887,"global_tas",2.82821180545102,"degC","3.5.0"
"1pctCO2",1888,"global_tas",2.8677423096418,"degC","3.5.0"
"1pctCO2",1889,"global_tas",2.90737017852178,"degC","3.5.0"
"1pctCO2",1890,"global_tas",2.94709506113521,"degC","3.5.0"
"1pctCO2",1891,"global_tas",2.9869166121843,"degC","3.5.0"
"1pctCO2",1892,"global_tas",3.0268344912427,"degC","3.5.0"
"1pctCO2",1893,"global_tas",3.06684836138842,"degC","3.5.0"
"1pctCO2",1894,"global_tas",3.10695788859323,"degC","3.5.0"
"1pctCO2",1895,"global_tas",3.14716274027336,"degC","3.5.0"
"1pctCO2",1896,"global_tas",3.18746258464503,"degC","3.5.0"
"1pctCO2",1897,"global_tas",3.22785708944799,"degC","3.5.0"
"1pctCO2",1898,"global_tas",3.26834592119918,"degC","3.5.0"
"1pctCO2",1899,"global_tas",3.30892874396455,"degC","3.5.0"
"1pctCO2",1900,"global_tas",3.34960521859365,"degC","3.5.0"
"1pctCO2",1901,"global_tas",3.39037500162286,"degC","3.5.0"
"1pctCO2",1902,"global_tas",3.43123774423429,"degC","3.5.0"
"1pctCO2",1903,"global_tas",3.47219309143213,"degC","3.5.0"
"1pctCO2",1904,"global_tas",3.51324068091473,"degC","3.5.0"
"1pctCO2",1905,"global_tas",3.55438014217583,"degC","3.5.0"
"1pctCO2",1906,"global_tas",3.59561109549455,"degC","3.5.0"
"1pctCO2",1907,"global_tas",3.63693315091411,"degC","3.5.0"
"1pctCO2",1908,"global_tas",3.67834590724375,"degC","3.5.0"
"1pctCO2",1909,"global_tas",3.71984895107091,"degC","3.5.0"
"1pctCO2",1910,"global_tas",3.76144185577601,"degC","3.5.0"
"1pctCO2",1911,"global_tas",3.80312418040006,"degC","3.5.0"
"1pctCO2",1912,"global_tas",3.84489546859406,"degC","3.5.0"
"1pctCO2",1913,"global_tas",3.88675524780517,"degC","3.5.0"
"1pctCO2",1914,"global_tas",3.92870302793957,"degC","3.5.0"
"1pctCO2",1915,"global_tas",3.97073830035992,"degC","3.5.0"
"1pctCO2",1916,"global_tas",4.01286053686549,"degC","3.5.0"
"1pctCO2",1917,"global_tas",4.05506918856003,"degC","3.5.0"
"1pctCO2",1918,"global_tas",4.09736368470969,"degC","3.5.0"
"1pctCO2",1919,"global_tas",4.13974343160179,"degC","3.5.0"
"1pctCO2",1920,"global_tas",4.18220781126272,"degC","3.5.0"
"1pctCO2",1921,"global_tas",4.22475618057542,"degC","3.5.0"
"1pctCO2",1922,"global_tas",4.26738786978238,"degC","3.5.0"
"1pctCO2",1923,"global_tas",4.31010218153239,"degC","3.5.0"
"1pctCO2",1924,"global_tas",4.35289838930844,"degC","3.5.0"
"1pctCO2",1925,"global_tas",4.39577573651131,"degC","3.5.0"
"1pctCO2",1926,"global_tas",4.43873343492989,"degC","3.5.0"
"1pctCO2",1927,"global_tas",4.48177066357259,"degC","3.5.0"
"1pctCO2",1928,"global_tas",4.52488656721655,"degC","3.5.0"
"1pctCO2",1929,"global_tas",4.56808025508742,"degC","3.5.0"
"1pctCO2",1930,"global_tas",4.61135079929684,"degC","3.5.0"
"1pctCO2",1931,"global_tas",4.65469723452898,"degC","3.5.0"
"1pctCO2",1932,"global_tas",4.69811855418034,"degC","3.5.0"
"1pctCO2",1933,"global_tas",4.74161371100272,"degC","3.5.0"
"1pctCO2",1934,"global_tas",4.78518161579326,"degC","3.5.0"
"1pctCO2",1935,"global_tas",4.82882113367814,"degC","3.5.0"
"1pctCO2",1936,"global_tas",4.87253108471714,"degC","3.5.0"
"1pctCO2",1937,"global_tas",4.91631024110224,"degC","3.5.0"
"1pctCO2",1938,"global_tas",4.960157326161,"degC","3.5.0"
"1pctCO2",1939,"global_tas",5.00407101185261,"degC","3.5.0"
"1pctCO2",1940,"global_tas",5.04804991828867,"degC","3.5.0"
"1pctCO2",1941,"global_tas",5.09209261044747,"degC","3.5.0"
"1pctCO2",1942,"global_tas",5.1361975968791,"degC","3.5.0"
"1pctCO2",1943,"global_tas",5.18036332969876,"degC","3.5.0"
"1pctCO2",1944,"global_tas",5.22458819976363,"degC","3.5.0"
"1pctCO2",1945,"global_tas",5.26887053713236,"degC","3.5.0"
"1pctCO2",1946,"global_tas",5.31320860702056,"degC","3.5.0"
"1pctCO2",1947,"global_tas",5.35760060999397,"degC","3.5.0"
"1pctCO2",1948,"global_tas",5.40204467819068,"degC","3.5.0"
"1pctCO2",1949,"global_tas",5.44653887365487,"degC","3.5.0"
"1pctCO2",1950,"global_tas",5.49108118646717,"degC","3.5.0"
"1pctCO2",1951,"global_tas",5.53566953303205,"degC","3.5.0"
"1pctCO2",1952,"global_tas",5.58030175219413,"degC","3.5.0"
"1pctCO2",1953,"global_tas",5.624975604805,"degC","3.5.0"
"1pctCO2",1954,"global_tas",5.66968877034699,"degC","3.5.0"
"1pctCO2",1955,"global_tas",5.71443884409127,"degC","3.5.0"
"1pctCO2",1956,"global_tas",5.7592233354534,"degC","3.5.0"
"1pctCO2",1957,"global_tas",5.80403966565794,"degC","3.5.0"
"1pctCO2",1958,"global_tas",5.84888516415827,"degC","3.5.0"
"1pctCO2",1959,"global_tas",5.89375706645513,"degC","3.5.0"
"1pctCO2",1960,"global_tas",5.93865251146229,"degC","3.5.0"
"1pctCO2",1961,"global_tas",5.9835685390522,"degC","3.5.0"
"1pctCO2",1962,"global_tas",6.02850208655297,"degC","3.5.0"
"1pctCO2",1963,"global_tas",6.07344998602516,"degC","3.5.0"
"1pctCO2",1964,"global_tas",6.11840896196584,"degC","3.5.0"
"1pctCO2",1965,"global_tas",6.1633756265464,"degC","3.5.0"
"1pctCO2",1966,"global_tas",6.20834647826537,"degC","3.5.0"
"1pctCO2",1967,"global_tas",6.25331789803886,"degC","3.5.0"
"1pctCO2",1968,"global_tas",6.29828614565913,"degC","3.5.0"
"1pctCO2",1969,"global_tas",6.34324735680764,"degC","3.5.0"
"1pctCO2",1970,"global_tas",6.38819753987163,"degC","3.5.0"
"1pctCO2",1971,"global_tas",6.43313257170404,"degC","3.5.0"
"1pctCO2",1972,"global_tas",6.47804819450943,"degC","3.5.0"
"1pctCO2",1973,"global_tas",6.52294001187311,"degC","3.5.0"
"1pctCO2",1974,"global_tas",6.56780348494357,"degC","3.5.0"
"1pctCO2",1975,"global_tas",6.61263392971806,"degC","3.5.0"
"1pctCO2",1976,"global_tas",6.65742651133355,"degC","3.5.0"
"1pctCO2",1977,"global_tas",6.70217624049177,"degC","3.5.0"
"1pctCO2",1978,"global_tas",6.74687797042561,"degC","3.5.0"
"1pctCO2",1979,"global_tas",6.79152639152857,"degC","3.5.0"
"1pctCO2",1980,"global_tas",6.83611602726539,"degC","3.5.0"
"1pctCO2",1981,"global_tas",6.88064122978511,"degC","3.5.0"
"1pctCO2",1982,"global_tas",6.92509617524962,"degC","3.5.0"
"1pctCO2",1983,"global_tas",6.96947485937611,"degC","3.5.0"
"1pctCO2",1984,"global_tas",7.0137710928012,"degC","3.5.0"
"1pctCO2",1985,"global_tas",7.05797849553323,"degC","3.5.0"
"1pctCO2",1986,"global_tas",7.10209049264769,"degC","3.5.0"
"1pctCO2",1987,"global_tas",7.14610030884835,"degC","3.5.0"
"1pctCO2",1988,"global_tas",7.19000096305613,"degC","3.5.0"
"1pctCO2",1989,"global_tas",7.23378818101286,"degC","3.5.0"
"1pctCO2",1990,"global_tas",7.27748040526063,"degC","3.5.0"
"1pctCO2",1991,"global_tas",7.32109946686084,"degC","3.5.0"
"1pctCO2",1992,"global_tas",7.36466151632549,"degC","3.5.0"
"1pctCO2",1993,"global_tas",7.40817821517647,"degC","3.5.0"
"1pctCO2",1994,"global_tas",7.45165831135337,"degC","3.5.0"
"1pctCO2",1995,"global_tas",7.49510856040543,"degC","3.5.0"
"1pctCO2",1996,"global_tas",7.53853430277305,"degC","3.5.0"
"1pctCO2",1997,"global_tas",7.58193984152932,"degC","3.5.0"
"1pctCO2",1998,"global_tas",7.62532870116412,"degC","3.5.0"
"1pctCO2",1999,"global_tas",7.66870380860587,"degC","3.5.0"
"1pctCO2",2000,"global_tas",7.71206762481591,"degC","3.5.0"
"1pctCO2",2001,"global_tas",7.75542224069535,"degC","3.5.0"
"1pctCO2",2002,"global_tas",7.79876944954985,"degC","3.5.0"
"1pctCO2",2003,"global_tas",7.84211080158179,"degC","3.5.0"
"1pctCO2",2004,"global_tas",7.88544764723595,"degC","3.5.0"
"1pctCO2",2005,"global_tas",7.92878117023525,"degC","3.5.0"
"1pctCO2",2006,"global_tas",7.97211241381769,"degC","3.5.0"
"1pctCO2",2007,"global_tas",8.01544230264358,"degC","3.5.0"
"1pctCO2",2008,"global_tas",8.05877165925497,"degC","3.5.0"
"1pctCO2",2009,"global_tas",8.10210121916836,"degC","3.5.0"
"1pctCO2",2010,"global_tas",8.14543164196724,"degC","3.5.0"
"1pctCO2",2011,"global_tas",8.18876352100863,"degC","3.5.0"
"1pctCO2",2012,"global_tas",8.23209739168682,"degC","3.5.0"
"1pctCO2",2013,"global_tas",8.27543373858339,"degC","3.5.0"
"1pctCO2",2014,"global_tas",8.31877300124303,"degC","3.5.0"
"1pctCO2",2015,"global_tas",8.36211557901802,"degC","3.5.0"
"1pctCO2",2016,"global_tas",8.40546183570136,"degC","3.5.0"
"1pctCO2",2017,"global_tas",8.44881210278574,"degC","3.5.0"
"1pctCO2",2018,"global_tas",8.49216668337342,"degC","3.5.0"
"1pctCO2",2019,"global_tas",8.53552585445998,"degC","3.5.0"
"1pctCO2",2020,"global_tas",8.57888986967232,"degC","3.5.0"
"1pctCO2",2021,"global_tas",8.62225896176889,"degC","3.5.0"
"1pctCO2",2022,"global_tas",8.66563334424893,"degC","3.5.0"
"1pctCO2",2023,"global_tas",8.7090132129195,"degC","3.5.0"
"1pctCO2",2024,"global_tas",8.75239874753749,"degC","3.5.0"
"1pctCO2",2025,"global_tas",8.79579011345299,"degC","3.5.0"
"1pctCO2",2026,"global_tas",8.8391874625525,"degC","3.5.0"
"1pctCO2",2027,"global_tas",8.88259093466852,"degC","3.5.0"
"1pctCO2",2028,"global_tas",8.92600065820044,"degC","3.5.0"
"1pctCO2",2029,"global_tas",8.96941675119913,"degC","3.5.0"
"1pctCO2",2030,"global_tas",9.0128393221635,"degC","3.5.0"
"1pctCO2",2031,"global_tas",9.05626847085941,"degC","3.5.0"
"1pctCO2",2032,"global_tas",9.09970428860478,"degC","3.5.0"
"1pctCO2",2033,"global_tas",9.14314685929325,"degC","3.5.0"
"1pctCO2",2034,"global_tas",9.18659625992542,"degC","3.5.0"
"1pctCO2",2035,"global_tas",9.23005256094017,"degC","3.5.0"
"1pctCO2",2036,"global_tas",9.273515826699,"degC","3.5.0"
"1pctCO2",2037,"global_tas",9.31698611590053,"degC","3.5.0"
"1pctCO2",2038,"global_tas",9.36046348228753,"degC","3.5.0"
"1pctCO2",2039,"global_tas",9.40394797425896,"degC","3.5.0"
"1pctCO2",2040,"global_tas",9.44743963597112,"degC","3.5.0"
"1pctCO2",2041,"global_tas",9.4909385074654,"degC","3.5.0"
"1pctCO2",2042,"global_tas",9.53444462436319,"degC","3.5.0"
"1pctCO2",2043,"global_tas",9.57795801913381,"degC","3.5.0"
"1pctCO2",2044,"global_tas",9.62147872040281,"degC","3.5.0"
"1pctCO2",2045,"global_tas",9.66500675373665,"degC","3.5.0"
"1pctCO2",2046,"global_tas",9.7085421416108,"degC","3.5.0"
"1pctCO2",2047,"global_tas",9.75208490353167,"degC","3.5.0"
"1pctCO2",2048,"global_tas",9.79563505671801,"degC","3.5.0"
"1pctCO2",2049,"global_tas",9.83919261541101,"degC","3.5.0"
"1pctCO2",2050,"global_tas",9.88275759187415,"degC","3.5.0"
"1pctCO2",2051,"global_tas",9.92632999585494,"degC","3.5.0"
"1pctCO2",2052,"global_tas",9.96990983539689,"degC","3.5.0"
"1pctCO2",2053,"global_tas",10.0134971163304,"degC","3.5.0"
"1pctCO2",2054,"global_tas",10.0570918427786,"degC","3.5.0"
"1pctCO2",2055,"global_tas",10.100694017052,"degC","3.5.0"
"1pctCO2",2056,"global_tas",10.1443036398855,"degC","3.5.0"
"1pctCO2",2057,"global_tas",10.1879207106665,"degC","3.5.0"
"1pctCO2",2058,"global_tas",10.2315452270586,"degC","3.5.0"
"1pctCO2",2059,"global_tas",10.2751771855653,"degC","3.5.0"
"1pctCO2",2060,"global_tas",10.318816581435,"degC","3.5.0"
"1pctCO2",2061,"global_tas",10.3624634087242,"degC","3.5.0"
"1pctCO2",2062,"global_tas",10.4061176602107,"degC","3.5.0"
"1pctCO2",2063,"global_tas",10.4497793278661,"degC","3.5.0"
"1pctCO2",2064,"global_tas",10.4934484024929,"degC","3.5.0"
"1pctCO2",2065,"global_tas",10.5371248738705,"degC","3.5.0"
"1pctCO2",2066,"global_tas",10.580808731232,"degC","3.5.0"
"1pctCO2",2067,"global_tas",10.6244999627034,"degC","3.5.0"
"1pctCO2",2068,"global_tas",10.668198555566,"degC","3.5.0"
"1pctCO2",2069,"global_tas",10.7119044967136,"degC","3.5.0"
"1pctCO2",2070,"global_tas",10.7556177720678,"degC","3.5.0"
"1pctCO2",2071,"global_tas",10.7897894351795,"degC","3.5.0"
"1pctCO2",2072,"global_tas",10.8148981534629,"degC","3.5.0"
"1pctCO2",2073,"global_tas",10.833458129993,"degC","3.5.0"
"1pctCO2",2074,"global_tas",10.8471570844527,"degC","3.5.0"
"1pctCO2",2075,"global_tas",10.8570571726899,"degC","3.5.0"
"1pctCO2",2076,"global_tas",10.8638400976614,"degC","3.5.0"
"1pctCO2",2077,"global_tas",10.8680176329824,"degC","3.5.0"
"1pctCO2",2078,"global_tas",10.8700039711669,"degC","3.5.0"
"1pctCO2",2079,"global_tas",10.8701193400926,"degC","3.5.0"
"1pctCO2",2080,"global_tas",10.8686047996006,"degC","3.5.0"
"1pctCO2",2081,"global_tas",10.8656510864442,"degC","3.5.0"
"1pctCO2",2082,"global_tas",10.8614173425455,"degC","3.5.0"
"1pctCO2",2083,"global_tas",10.856036877984,"degC","3.5.0"
"1pctCO2",2084,"global_tas",10.8496205530448,"degC","3.5.0"
"1pctCO2",2085,"global_tas",10.8422618436746,"degC","3.5.0"
"1pctCO2",2086,"global_tas",10.834041238983,"degC","3.5.0"
"1pctCO2",2087,"global_tas",10.8250287660541,"degC","3.5.0"
"1pctCO2",2088,"global_tas",10.8152856423303,"degC","3.5.0"
"1pctCO2",2089,"global_tas",10.8048657860568,"degC","3.5.0"
"1pctCO2",2090,"global_tas",10.7938171044513,"degC","3.5.0"
"1pctCO2",2091,"global_tas",10.7821824584164,"degC","3.5.0"
"1pctCO2",2092,"global_tas",10.7700004071574,"degC","3.5.0"
"1pctCO2",2093,"global_tas",10.7573058253856,"degC","3.5.0"
"1pctCO2",2094,"global_tas",10.7441304150586,"degC","3.5.0"
"1pctCO2",2095,"global_tas",10.7305031241644,"degC","3.5.0"
"1pctCO2",2096,"global_tas",10.7164504931019,"degC","3.5.0"
"1pctCO2",2097,"global_tas",10.7019969450283,"degC","3.5.0"
"1pctCO2",2098,"global_tas",10.6871650306335,"degC","3.5.0"
"1pctCO2",2099,"global_tas",10.6719756354782,"degC","3.5.0"
"1pctCO2",2100,"global_tas",10.6564481566677,"degC","3.5.0"
"abrupt-4xCO2",1745,"gmst",0,"degC","3.5.0"
"abrupt-4xCO2",1746,"gmst",0,"degC","3.5.0"
"abrupt-4xCO2",1747,"gmst",0,"degC","3.5.0"
"abrupt-4xCO2",1748,"gmst",0,"degC","3.5.0"
"abrupt-4xCO2",1749,"gmst",0,"degC","3.5.0"
"abrupt-4xCO2",1750,"gmst",0,"degC","3.5.0"
"abrupt-4xCO2",1751,"gmst",-7.88619031332594e-08,"degC","3.5.0"
"abrupt-4xCO2",1752,"gmst",-1.65223856953448e-07,"degC","3.5.0"
"abrupt-4xCO2",1753,"gmst",-2.29940705124843e-07,"degC","3.5.0"
"abrupt-4xCO2",1754,"gmst",-2.72199447469573e-07,"degC","3.5.0"
"abrupt-4xCO2",1755,"gmst",-2.96706358337974e-07,"degC","3.5.0"
"abrupt-4xCO2",1756,"gmst",-3.08072645204413e-07,"degC","3.5.0"
"abrupt-4xCO2",1757,"gmst",-3.09819772446526e-07,"degC","3.5.0"
"abrupt-4xCO2",1758,"gmst",-3.04478861016039e-07,"degC","3.5.0"
"abrupt-4xCO2",1759,"gmst",-2.93855877005418e-07,"degC","3.5.0"
"abrupt-4xCO2",1760,"gmst",-2.79254496445349e-07,"degC","3.5.0"
"abrupt-4xCO2",1761,"gmst",-2.6163287266833e-07,"degC","3.5.0"
"abrupt-4xCO2",1762,"gmst",-2.41708738806758e-07,"degC","3.5.0"
"abrupt-4xCO2",1763,"gmst",-2.20029477539906e-07,"degC","3.5.0"
"abrupt-4xCO2",1764,"gmst",-1.97019356530485e-07,"degC","3.5.0"
"abrupt-4xCO2",1765,"gmst",-1.73011931068379e-07,"degC","3.5.0"
"abrupt-4xCO2",1766,"gmst",-1.4827270309992e-07,"degC","3.5.0"
"abrupt-4xCO2",1767,"gmst",-1.23015270397727e-07,"degC","3.5.0"
"abrupt-4xCO2",1768,"gmst",-9.74130437492948e-08,"degC","3.5.0"
"abrupt-4xCO2",1769,"gmst",-7.16078914438995e-08,"degC","3.5.0"
"abrupt-4xCO2",1770,"gmst",-4.57166156834044e-08,"degC","3.5.0"
"abrupt-4xCO2",1771,"gmst",-1.98358740043351e-08,"degC","3.5.0"
"abrupt-4xCO2",1772,"gmst",5.954031072619e-09,"degC","3.5.0"
"abrupt-4xCO2",1773,"gmst",3.15861986224226e-08,"degC","3.5.0"
"abrupt-4xCO2",1774,"gmst",5.70048010228991e-08,"degC","3.5.0"
"abrupt-4xCO2",1775,"gmst",8.21632291504901e-08,"degC","3.5.0"
"abrupt-4xCO2",1776,"gmst",1.07022600466243e-07,"degC","3.5.0"
"abrupt-4xCO2",1777,"gmst",1.31550547897983e-07,"degC","3.5.0"
"abrupt-4xCO2",1778,"gmst",1.55720228323576e-07,"degC","3.5.0"
"abrupt-4xCO2",1779,"gmst",1.7950950473065e-07,"degC","3.5.0"
"abrupt-4xCO2",1780,"gmst",2.02900266407503e-07,"degC","3.5.0"
"abrupt-4xCO2",1781,"gmst",2.25877860237211e-07,"degC","3.5.0"
"abrupt-4xCO2",1782,"gmst",2.48430611969703e-07,"degC","3.5.0"
"abrupt-4xCO2",1783,"gmst",2.70549420644247e-07,"degC","3.5.0"
"abrupt-4xCO2",1784,"gmst",2.92227413767694e-07,"degC","3.5.0"
"abrupt-4xCO2",1785,"gmst",3.13459651971164e-07,"degC","3.5.0"
"abrupt-4xCO2",1786,"gmst",3.34242875383518e-07,"degC","3.5.0"
"abrupt-4xCO2",1787,"gmst",3.5457528473688e-07,"degC","3.5.0"
"abrupt-4xCO2",1788,"gmst",3.74456351802045e-07,"degC","3.5.0"
"abrupt-4xCO2",1789,"gmst",3.93886654580238e-07,"degC","3.5.0"
"abrupt-4xCO2",1790,"gmst",4.12867733630162e-07,"degC","3.5.0"
"abrupt-4xCO2",1791,"gmst",4.3140196609125e-07,"degC","3.5.0"
"abrupt-4xCO2",1792,"gmst",4.49492456019702e-07,"degC","3.5.0"
"abrupt-4xCO2",1793,"gmst",4.67142937061408e-07,"degC","3.5.0"
"abrupt-4xCO2",1794,"gmst",4.84357687200953e-07,"degC","3.5.0"
"abrupt-4xCO2",1795,"gmst",5.01141453606307e-07,"degC","3.5.0"
"abrupt-4xCO2",1796,"gmst",5.17499385817784e-07,"degC","3.5.0"
"abrupt-4xCO2",1797,"gmst",5.33436976826214e-07,"degC","3.5.0"
"abrupt-4xCO2",1798,"gmst",5.48960010870358e-07,"degC","3.5.0"
"abrupt-4xCO2",1799,"gmst",5.64074516928241e-07,"degC","3.5.0"
"abrupt-4xCO2",1800,"gmst",0.71901187267219,"degC","3.5.0"
"abrupt-4xCO2",1801,"gmst",1.32801553137153,"degC","3.5.0"
"abrupt-4xCO2",1802,"gmst",1.76526477672826,"degC","3.5.0"
"abrupt-4xCO2",1803,"gmst",2.0955169034327,"degC","3.5.0"
"abrupt-4xCO2",1804,"gmst",2.35436086916703,"degC","3.5.0"
"abrupt-4xCO2",1805,"gmst",2.56311948935136,"degC","3.5.0"
"abrupt-4xCO2",1806,"gmst",2.73540726354801,"degC","3.5.0"
"abrupt-4xCO2",1807,"gmst",2.88033932257422,"degC","3.5.0"
"abrupt-4xCO2",1808,"gmst",3.00424469463938,"degC","3.5.0"
"abrupt-4xCO2",1809,"gmst",3.1116476683185,"degC","3.5.0"
"abrupt-4xCO2",1810,"gmst",3.20586174326541,"degC","3.5.0"
"abrupt-4xCO2",1811,"gmst",3.28936481020465,"degC","3.5.0"
"abrupt-4xCO2",1812,"gmst",3.36404426436074,"degC","3.5.0"
"abrupt-4xCO2",1813,"gmst",3.43136158990826,"degC","3.5.0"
"abrupt-4xCO2",1814,"gmst",3.49246544750983,"degC","3.5.0"
"abrupt-4xCO2",1815,"gmst",3.54827094655431,"degC","3.5.0"
"abrupt-4xCO2",1816,"gmst",3.59951620980675,"degC","3.5.0"
"abrupt-4xCO2",1817,"gmst",3.64680338929558,"degC","3.5.0"
"abrupt-4xCO2",1818,"gmst",3.69062884872725,"degC","3.5.0"
"abrupt-4xCO2",1819,"gmst",3.73140567785188,"degC","3.5.0"
"abrupt-4xCO2",1820,"gmst",3.76948070017053,"degC","3.5.0"
"abrupt-4xCO2",1821,"gmst",3.80514747277423,"degC","3.5.0"
"abrupt-4xCO2",1822,"gmst",3.83865633250465,"degC","3.5.0"
"abrupt-4xCO2",1823,"gmst",3.87022223975572,"degC","3.5.0"
"abrupt-4xCO2",1824,"gmst",3.9000309620168,"degC","3.5.0"
"abrupt-4xCO2",1825,"gmst",3.92824399284664,"degC","3.5.0"
"abrupt-4xCO2",1826,"gmst",3.95500249825828,"degC","3.5.0"
"abrupt-4xCO2",1827,"gmst",3.98043050819076,"degC","3.5.0"
"abrupt-4xCO2",1828,"gmst",4.0046375169315,"degC","3.5.0"
"abrupt-4xCO2",1829,"gmst",4.02772061698272,"degC","3.5.0"
"abrupt-4xCO2",1830,"gmst",4.04976626178214,"degC","3.5.0"
"abrupt-4xCO2",1831,"gmst",4.07085173100605,"degC","3.5.0"
"abrupt-4xCO2",1832,"gmst",4.09104635587725,"degC","3.5.0"
"abrupt-4xCO2",1833,"gmst",4.11041254953629,"degC","3.5.0"
"abrupt-4xCO2",1834,"gmst",4.129006678084,"degC","3.5.0"
"abrupt-4xCO2",1835,"gmst",4.14687980062618,"degC","3.5.0"
"abrupt-4xCO2",1836,"gmst",4.16407830100677,"degC","3.5.0"
"abrupt-4xCO2",1837,"gmst",4.18064442950737,"degC","3.5.0"
"abrupt-4xCO2",1838,"gmst",4.19661676932589,"degC","3.5.0"
"abrupt-4xCO2",1839,"gmst",4.21203063990575,"degC","3.5.0"
"abrupt-4xCO2",1840,"gmst",4.22691844700532,"degC","3.5.0"
"abrupt-4xCO2",1841,"gmst",4.24130998765171,"degC","3.5.0"
"abrupt-4xCO2",1842,"gmst",4.25523271671737,"degC","3.5.0"
"abrupt-4xCO2",1843,"gmst",4.26871198072153,"degC","3.5.0"
"abrupt-4xCO2",1844,"gmst",4.28177122353391,"degC","3.5.0"
"abrupt-4xCO2",1845,"gmst",4.29443216790309,"degC","3.5.0"
"abrupt-4xCO2",1846,"gmst",4.3067149761119,"degC","3.5.0"
"abrupt-4xCO2",1847,"gmst",4.31863839255109,"degC","3.5.0"
"abrupt-4xCO2",1848,"gmst",4.33021987057961,"degC","3.5.0"
"abrupt-4xCO2",1849,"gmst",4.34147568568755,"degC","3.5.0"
"abrupt-4xCO2",1850,"gmst",4.35242103668455,"degC","3.5.0"
"abrupt-4xCO2",1851,"gmst",4.36307013639029,"degC","3.5.0"
"abrupt-4xCO2",1852,"gmst",4.37343629309664,"degC","3.5.0"
"abrupt-4xCO2",1853,"gmst",4.38353198389686,"degC","3.5.0"
"abrupt-4xCO2",1854,"gmst",4.39336892082896,"degC","3.5.0"
"abrupt-4xCO2",1855,"gmst",4.40295811065527,"degC","3.5.0"
"abrupt-4xCO2",1856,"gmst",4.41230990899281,"degC","3.5.0"
"abrupt-4xCO2",1857,"gmst",4.42143406941815,"degC","3.5.0"
"abrupt-4xCO2",1858,"gmst",4.43033978809157,"degC","3.5.0"
"abrupt-4xCO2",1859,"gmst",4.43903574437844,"degC","3.5.0"
"abrupt-4xCO2",1860,"gmst",4.44753013788735,"degC","3.5.0"
"abrupt-4xCO2",1861,"gmst",4.45583072229455,"degC","3.5.0"
"abrupt-4xCO2",1862,"gmst",4.46394483628076,"degC","3.5.0"
"abrupt-4xCO2",1863,"gmst",4.47187943186866,"degC","3.5.0"
"abrupt-4xCO2",1864,"gmst",4.47964110041658,"degC","3.5.0"
"abrupt-4xCO2",1865,"gmst",4.48723609649517,"degC","3.5.0"
"abrupt-4xCO2",1866,"gmst",4.4946703598488,"degC","3.5.0"
"abrupt-4xCO2",1867,"gmst",4.50194953562165,"degC","3.5.0"
"abrupt-4xCO2",1868,"gmst",4.50907899300882,"degC","3.5.0"
"abrupt-4xCO2",1869,"gmst",4.51606384247619,"degC","3.5.0"
"abrupt-4xCO2",1870,"gmst",4.52290895167761,"degC","3.5.0"
"abrupt-4xCO2",1871,"gmst",4.52961896018486,"degC","3.5.0"
"abrupt-4xCO2",1872,"gmst",4.53619829313402,"degC","3.5.0"
"abrupt-4xCO2",1873,"gmst",4.54265117388176,"degC","3.5.0"
"abrupt-4xCO2",1874,"gmst",4.54898163575568,"degC","3.5.0"
"abrupt-4xCO2",1875,"gmst",4.5551935329746,"degC","3.5.0"
"abrupt-4xCO2",1876,"gmst",4.56129055080765,"degC","3.5.0"
"abrupt-4xCO2",1877,"gmst",4.56727621503428,"degC","3.5.0"
"abrupt-4xCO2",1878,"gmst",4.57315390076162,"degC","3.5.0"
"abrupt-4xCO2",1879,"gmst",4.5789268406503,"degC","3.5.0"
"abrupt-4xCO2",1880,"gmst",4.58459813259536,"degC","3.5.0"
"abrupt-4xCO2",1881,"gmst",4.59017074690454,"degC","3.5.0"
"abrupt-4xCO2",1882,"gmst",4.59564753301245,"degC","3.5.0"
"abrupt-4xCO2",1883,"gmst",4.60103122576594,"degC","3.5.0"
"abrupt-4xCO2",1884,"gmst",4.60632445131273,"degC","3.5.0"
"abrupt-4xCO2",1885,"gmst",4.6115297326226,"degC","3.5.0"
"abrupt-4xCO2",1886,"gmst",4.61664949466825,"degC","3.5.0"
"abrupt-4xCO2",1887,"gmst",4.62168606929016,"degC","3.5.0"
"abrupt-4xCO2",1888,"gmst",4.62664169976833,"degC","3.5.0"
"abrupt-4xCO2",1889,"gmst",4.63151854512143,"degC","3.5.0"
"abrupt-4xCO2",1890,"gmst",4.63631868415256,"degC","3.5.0"
"abrupt-4xCO2",1891,"gmst",4.64104411925909,"degC","3.5.0"
"abrupt-4xCO2",1892,"gmst",4.64569678002271,"degC","3.5.0"
"abrupt-4xCO2",1893,"gmst",4.65027852659462,"degC","3.5.0"
"abrupt-4xCO2",1894,"gmst",4.65479115288959,"degC","3.5.0"
"abrupt-4xCO2",1895,"gmst",4.65923638960145,"degC","3.5.0"
"abrupt-4xCO2",1896,"gmst",4.66361590705193,"degC","3.5.0"
"abrupt-4xCO2",1897,"gmst",4.66793131788341,"degC","3.5.0"
"abrupt-4xCO2",1898,"gmst",4.67218417960588,"degC","3.5.0"
"abrupt-4xCO2",1899,"gmst",4.67637599700718,"degC","3.5.0"
"abrupt-4xCO2",1900,"gmst",4.68050822443523,"degC","3.5.0"
"abrupt-4xCO2",1901,"gmst",4.68458226796024,"degC","3.5.0"
"abrupt-4xCO2",1902,"gmst",4.68859948742426,"degC","3.5.0"
"abrupt-4xCO2",1903,"gmst",4.69256119838502,"degC","3.5.0"
"abrupt-4xCO2",1904,"gmst",4.69646867396044,"degC","3.5.0"
"abrupt-4xCO2",1905,"gmst",4.70032314657974,"degC","3.5.0"
"abrupt-4xCO2",1906,"gmst",4.70412580964676,"degC","3.5.0"
"abrupt-4xCO2",1907,"gmst",4.70787781912069,"degC","3.5.0"
"abrupt-4xCO2",1908,"gmst",4.71158029501885,"degC","3.5.0"
"abrupt-4xCO2",1909,"gmst",4.7152343228463,"degC","3.5.0"
"abrupt-4xCO2",1910,"gmst",4.71884095495621,"degC","3.5.0"
"abrupt-4xCO2",1911,"gmst",4.72240121184517,"degC","3.5.0"
"abrupt-4xCO2",1912,"gmst",4.72591608338683,"degC","3.5.0"
"abrupt-4xCO2",1913,"gmst",4.7293865300076,"degC","3.5.0"
"abrupt-4xCO2",1914,"gmst",4.73281348380739,"degC","3.5.0"
"abrupt-4xCO2",1915,"gmst",4.73619784962854,"degC","3.5.0"
"abrupt-4xCO2",1916,"gmst",4.73954050607562,"degC","3.5.0"
"abrupt-4xCO2",1917,"gmst",4.742842306489,"degC","3.5.0"
"abrupt-4xCO2",1918,"gmst",4.74610407987429,"degC","3.5.0"
"abrupt-4xCO2",1919,"gmst",4.7493266317904,"degC","3.5.0"
"abrupt-4xCO2",1920,"gmst",4.75251074519805,"degC","3.5.0"
"abrupt-4xCO2",1921,"gmst",4.75565718127101,"degC","3.5.0"
"abrupt-4xCO2",1922,"gmst",4.75876668017189,"degC","3.5.0"
"abrupt-4xCO2",1923,"gmst",4.76183996179438,"degC","3.5.0"
"abrupt-4xCO2",1924,"gmst",4.76487772647354,"degC","3.5.0"
"abrupt-4xCO2",1925,"gmst",4.76788065566589,"degC","3.5.0"
"abrupt-4xCO2",1926,"gmst",4.77084941260067,"degC","3.5.0"
"abrupt-4xCO2",1927,"gmst",4.77378464290383,"degC","3.5.0"
"abrupt-4xCO2",1928,"gmst",4.77668697519597,"degC","3.5.0"
"abrupt-4xCO2",1929,"gmst",4.77955702166567,"degC","3.5.0"
"abrupt-4xCO2",1930,"gmst",4.78239537861925,"degC","3.5.0"
"abrupt-4xCO2",1931,"gmst",4.78520262700812,"degC","3.5.0"
"abrupt-4xCO2",1932,"gmst",4.78797933293493,"degC","3.5.0"
"abrupt-4xCO2",1933,"gmst",4.79072604813932,"degC","3.5.0"
"abrupt-4xCO2",1934,"gmst",4.79344331046442,"degC","3.5.0"
"abrupt-4xCO2",1935,"gmst",4.79613164430489,"degC","3.5.0"
"abrupt-4xCO2",1936,"gmst",4.79879156103733,"degC","3.5.0"
"abrupt-4xCO2",1937,"gmst",4.80142355943405,"degC","3.5.0"
"abrupt-4xCO2",1938,"gmst",4.80402812606073,"degC","3.5.0"
"abrupt-4xCO2",1939,"gmst",4.80660573565886,"degC","3.5.0"
"abrupt-4xCO2",1940,"gmst",4.80915685151362,"degC","3.5.0"
"abrupt-4xCO2",1941,"gmst",4.8116819258078,"degC","3.5.0"
"abrupt-4xCO2",1942,"gmst",4.81418139996241,"degC","3.5.0"
"abrupt-4xCO2",1943,"gmst",4.81665570496465,"degC","3.5.0"
"abrupt-4xCO2",1944,"gmst",4.81910526168361,"degC","3.5.0"
"abrupt-4xCO2",1945,"gmst",4.82153048117442,"degC","3.5.0"
"abrupt-4xCO2",1946,"gmst",4.82393176497128,"degC","3.5.0"
"abrupt-4xCO2",1947,"gmst",4.82630950536975,"degC","3.5.0"
"abrupt-4xCO2",1948,"gmst",4.82866408569898,"degC","3.5.0"
"abrupt-4xCO2",1949,"gmst",4.83099588058412,"degC","3.5.0"
"abrupt-4xCO2",1950,"gmst",4.83330525619936,"degC","3.5.0"
"abrupt-4xCO2",1951,"gmst",4.83559257051205,"degC","3.5.0"
"abrupt-4xCO2",1952,"gmst",4.83785817351822,"degC","3.5.0"
"abrupt-4xCO2",1953,"gmst",4.84010240746992,"degC","3.5.0"
"abrupt-4xCO2",1954,"gmst",4.84232560709458,"degC","3.5.0"
"abrupt-4xCO2",1955,"gmst",4.8445280998069,"degC","3.5.0"
"abrupt-4xCO2",1956,"gmst",4.84671020591343,"degC","3.5.0"
"abrupt-4xCO2",1957,"gmst",4.84887223881018,"degC","3.5.0"
"abrupt-4xCO2",1958,"gmst",4.85101450517355,"degC","3.5.0"
"abrupt-4xCO2",1959,"gmst",4.85313730514486,"degC","3.5.0"
"abrupt-4xCO2",1960,"gmst",4.8552409325087,"degC","3.5.0"
"abrupt-4xCO2",1961,"gmst",4.85732567486532,"degC","3.5.0"
"abrupt-4xCO2",1962,"gmst",4.85939181379739,"degC","3.5.0"
"abrupt-4xCO2",1963,"gmst",4.86143962503126,"degC","3.5.0"
"abrupt-4xCO2",1964,"gmst",4.86346937859294,"degC","3.5.0"
"abrupt-4xCO2",1965,"gmst",4.86548133895901,"degC","3.5.0"
"abrupt-4xCO2",1966,"gmst",4.86747576520277,"degC","3.5.0"
"abrupt-4xCO2",1967,"gmst",4.86945291113558,"degC","3.5.0"
"abrupt-4xCO2",1968,"gmst",4.87141302544372,"degC","3.5.0"
"abrupt-4xCO2",1969,"gmst",4.873356351821,"degC","3.5.0"
"abrupt-4xCO2",1970,"gmst",4.87528312909713,"degC","3.5.0"
"abrupt-4xCO2",1971,"gmst",4.87719359136205,"degC","3.5.0"
"abrupt-4xCO2",1972,"gmst",4.87908796808646,"degC","3.5.0"
"abrupt-4xCO2",1973,"gmst",4.88096648423853,"degC","3.5.0"
"abrupt-4xCO2",1974,"gmst",4.88282936039709,"degC","3.5.0"
"abrupt-4xCO2",1975,"gmst",4.88467681286135,"degC","3.5.0"
"abrupt-4xCO2",1976,"gmst",4.88650905375725,"degC","3.5.0"
"abrupt-4xCO2",1977,"gmst",4.88832629114061,"degC","3.5.0"
"abrupt-4xCO2",1978,"gmst",4.89012872909716,"degC","3.5.0"
"abrupt-4xCO2",1979,"gmst",4.89191656783959,"degC","3.5.0"
"abrupt-4xCO2",1980,"gmst",4.89369000380171,"degC","3.5.0"
"abrupt-4xCO2",1981,"gmst",4.89544922972985,"degC","3.5.0"
"abrupt-4xCO2",1982,"gmst",4.8971944347715,"degC","3.5.0"
"abrupt-4xCO2",1983,"gmst",4.89892580456145,"degC","3.5.0"
"abrupt-4xCO2",1984,"gmst",4.90064352130528,"degC","3.5.0"
"abrupt-4xCO2",1985,"gmst",4.90234776386061,"degC","3.5.0"
"abrupt-4xCO2",1986,"gmst",4.90403870781584,"degC","3.5.0"
"abrupt-4xCO2",1987,"gmst",4.90571652556677,"degC","3.5.0"
"abrupt-4xCO2",1988,"gmst",4.90738138639095,"degC","3.5.0"
"abrupt-4xCO2",1989,"gmst",4.9090334565199,"degC","3.5.0"
"abrupt-4xCO2",1990,"gmst",4.91067289920942,"degC","3.5.0"
"abrupt-4xCO2",1991,"gmst",4.91229987480777,"degC","3.5.0"
"abrupt-4xCO2",1992,"gmst",4.91391454082204,"degC","3.5.0"
"abrupt-4xCO2",1993,"gmst",4.91551705198267,"degC","3.5.0"
"abrupt-4xCO2",1994,"gmst",4.91710756030615,"degC","3.5.0"
"abrupt-4xCO2",1995,"gmst",4.91868621515602,"degC","3.5.0"
"abrupt-4xCO2",1996,"gmst",4.92025316330219,"degC","3.5.0"
"abrupt-4xCO2",1997,"gmst",4.92180854897866,"degC","3.5.0"
"abrupt-4xCO2",1998,"gmst",4.92335251393966,"degC","3.5.0"
"abrupt-4xCO2",1999,"gmst",4.92488519751429,"degC","3.5.0"
"abrupt-4xCO2",2000,"gmst",4.92640673665963,"degC","3.5.0"
"abrupt-4xCO2",2001,"gmst",4.92791726601257,"degC","3.5.0"
"abrupt-4xCO2",2002,"gmst",4.92941691794012,"degC","3.5.0"
"abrupt-4xCO2",2003,"gmst",4.93090582258845,"degC","3.5.0"
"abrupt-4xCO2",2004,"gmst",4.93238410793066,"degC","3.5.0"
"abrupt-4xCO2",2005,"gmst",4.93385189981331,"degC","3.5.0"
"abrupt-4xCO2",2006,"gmst",4.93530932200162,"degC","3.5.0"
"abrupt-4xCO2",2007,"gmst",4.93675649622366,"degC","3.5.0"
"abrupt-4xCO2",2008,"gmst",4.93819354221327,"degC","3.5.0"
"abrupt-4xCO2",2009,"gmst",4.93962057775197,"degC","3.5.0"
"abrupt-4xCO2",2010,"gmst",4.94103771870971,"degC","3.5.0"
"abrupt-4xCO2",2011,"gmst",4.94244507908465,"degC","3.5.0"
"abrupt-4xCO2",2012,"gmst",4.94384277104195,"degC","3.5.0"
"abrupt-4xCO2",2013,"gmst",4.94523090495151,"degC","3.5.0"
"abrupt-4xCO2",2014,"gmst",4.94660958942477,"degC","3.5.0"
"abrupt-4xCO2",2015,"gmst",4.94797893135066,"degC","3.5.0"
"abrupt-4xCO2",2016,"gmst",4.9493390359306,"degC","3.5.0"
"abrupt-4xCO2",2017,"gmst",4.9506900067126,"degC","3.5.0"
"abrupt-4xCO2",2018,"gmst",4.95203194562465,"degC","3.5.0"
"abrupt-4xCO2",2019,"gmst",4.95336495300714,"degC","3.5.0"
"abrupt-4xCO2",2020,"gmst",4.95468912764457,"degC","3.5.0"
"abrupt-4xCO2",2021,"gmst",4.95600456679648,"degC","3.5.0"
"abrupt-4xCO2",2022,"gmst",4.95731136622762,"degC","3.5.0"
"abrupt-4xCO2",2023,"gmst",4.95860962023741,"degC","3.5.0"
"abrupt-4xCO2",2024,"gmst",4.95989942168866,"degC","3.5.0"
"abrupt-4xCO2",2025,"gmst",4.96118086203562,"degC","3.5.0"
"abrupt-4xCO2",2026,"gmst",4.96245403135136,"degC","3.5.0"
"abrupt-4xCO2",2027,"gmst",4.96371901835455,"degC","3.5.0"
"abrupt-4xCO2",2028,"gmst",4.9649759104355,"degC","3.5.0"
"abrupt-4xCO2",2029,"gmst",4.96622479368173,"degC","3.5.0"
"abrupt-4xCO2",2030,"gmst",4.96746575290278,"degC","3.5.0"
"abrupt-4xCO2",2031,"gmst",4.96869887165462,"degC","3.5.0"
"abrupt-4xCO2",2032,"gmst",4.96992423226335,"degC","3.5.0"
"abrupt-4xCO2",2033,"gmst",4.97114191584838,"degC","3.5.0"
"abrupt-4xCO2",2034,"gmst",4.97235200234515,"degC","3.5.0"
"abrupt-4xCO2",2035,"gmst",4.97355457052728,"degC","3.5.0"
"abrupt-4xCO2",2036,"gmst",4.97474969802818,"degC","3.5.0"
"abrupt-4xCO2",2037,"gmst",4.97593746136227,"degC","3.5.0"
"abrupt-4xCO2",2038,"gmst",4.97711793594558,"degC","3.5.0"
"abrupt-4xCO2",2039,"gmst",4.97829119611603,"degC","3.5.0"
"abrupt-4xCO2",2040,"gmst",4.97945731515314,"degC","3.5.0"
"abrupt-4xCO2",2041,"gmst",4.98061636529739,"degC","3.5.0"
"abrupt-4xCO2",2042,"gmst",4.98176841776906,"degC","3.5.0"
"abrupt-4xCO2",2043,"gmst",4.98291354278674,"degC","3.5.0"
"abrupt-4xCO2",2044,"gmst",4.98405180958539,"degC","3.5.0"
"abrupt-4xCO2",2045,"gmst",4.98518328643397,"degC","3.5.0"
"abrupt-4xCO2",2046,"gmst",4.98630804065277,"degC","3.5.0"
"abrupt-4xCO2",2047,"gmst",4.98742613863029,"degC","3.5.0"
"abrupt-4xCO2",2048,"gmst",4.98853764583977,"degC","3.5.0"
"abrupt-4xCO2",2049,"gmst",4.98964262685535,"degC","3.5.0"
"abrupt-4xCO2",2050,"gmst",4.99074114536798,"degC","3.5.0"
"abrupt-4xCO2",2051,"gmst",4.99183326420078,"degC","3.5.0"
"abrupt-4xCO2",2052,"gmst",4.99291904532432,"degC","3.5.0"
"abrupt-4xCO2",2053,"gmst",4.99399854987138,"degC","3.5.0"
"abrupt-4xCO2",2054,"gmst",4.99507183815152,"degC","3.5.0"
"abrupt-4xCO2",2055,"gmst",4.99613896966527,"degC","3.5.0"
"abrupt-4xCO2",2056,"gmst",4.99720000311804,"degC","3.5.0"
"abrupt-4xCO2",2057,"gmst",4.99825499643377,"degC","3.5.0"
"abrupt-4xCO2",2058,"gmst",4.99930400676824,"degC","3.5.0"
"abrupt-4xCO2",2059,"gmst",5.00034709052217,"degC","3.5.0"
"abrupt-4xCO2",2060,"gmst",5.00138430335397,"degC","3.5.0"
"abrupt-4xCO2",2061,"gmst",5.00241570019231,"degC","3.5.0"
"abrupt-4xCO2",2062,"gmst",5.00344133524835,"degC","3.5.0"
"abrupt-4xCO2",2063,"gmst",5.00446126202778,"degC","3.5.0"
"abrupt-4xCO2",2064,"gmst",5.00547553334261,"degC","3.5.0"
"abrupt-4xCO2",2065,"gmst",5.00648420132268,"degC","3.5.0"
"abrupt-4xCO2",2066,"gmst",5.00748731742694,"degC","3.5.0"
"abrupt-4xCO2",2067,"gmst",5.00848493245458,"degC","3.5.0"
"abrupt-4xCO2",2068,"gmst",5.00947709655582,"degC","3.5.0"
"abrupt-4xCO2",2069,"gmst",5.01046385924261,"degC","3.5.0"
"abrupt-4xCO2",2070,"gmst",5.01144526939899,"degC","3.5.0"
"abrupt-4xCO2",2071,"gmst",5.01242137529131,"degC","3.5.0"
"abrupt-4xCO2",2072,"gmst",5.01339222457828,"degC","3.5.0"
"abrupt-4xCO2",2073,"gmst",5.01435786432078,"degC","3.5.0"
"abrupt-4xCO2",2074,"gmst",5.01531834099143,"degC","3.5.0"
"abrupt-4xCO2",2075,"gmst",5.01627370048404,"degC","3.5.0"
"abrupt-4xCO2",2076,"gmst",5.01722398812289,"degC","3.5.0"
"abrupt-4xCO2",2077,"gmst",5.01816924867177,"degC","3.5.0"
"abrupt-4xCO2",2078,"gmst",5.01910952634286,"degC","3.5.0"
"abrupt-4xCO2",2079,"gmst",5.02004486480549,"degC","3.5.0"
"abrupt-4xCO2",2080,"gmst",5.02097530719466,"degC","3.5.0"
"abrupt-4xCO2",2081,"gmst",5.02190089611944,"degC","3.5.0"
"abrupt-4xCO2",2082,"gmst",5.02282167367122,"degC","3.5.0"
"abrupt-4xCO2",2083,"gmst",5.02373768143169,"degC","3.5.0"
"abrupt-4xCO2",2084,"gmst",5.02464896048088,"degC","3.5.0"
"abrupt-4xCO2",2085,"gmst",5.02555555140482,"degC","3.5.0"
"abrupt-4xCO2",2086,"gmst",5.02645749430325,"degC","3.5.0"
"abrupt-4xCO2",2087,"gmst",5.02735482879705,"degC","3.5.0"
"abrupt-4xCO2",2088,"gmst",5.02824759403558,"degC","3.5.0"
"abrupt-4xCO2",2089,"gmst",5.02913582870389,"degC","3.5.0"
"abrupt-4xCO2",2090,"gmst",5.03001957102978,"degC","3.5.0"
"abrupt-4xCO2",2091,"gmst",5.03089885879074,"degC","3.5.0"
"abrupt-4xCO2",2092,"gmst",5.03177372932076,"degC","3.5.0"
"abrupt-4xCO2",2093,"gmst",5.03264421951701,"degC","3.5.0"
"abrupt-4xCO2",2094,"gmst",5.0335103658464,"degC","3.5.0"
"abrupt-4xCO2",2095,"gmst",5.03437220435203,"degC","3.5.0"
"abrupt-4xCO2",2096,"gmst",5.03522977065948,"degC","3.5.0"
"abrupt-4xCO2",2097,"gmst",5.03608309998309,"degC","3.5.0"
"abrupt-4xCO2",2098,"gmst",5.03693222713196,"degC","3.5.0"
"abrupt-4xCO2",2099,"gmst",5.03777718651599,"degC","3.5.0"
"abrupt-4xCO2",2100,"gmst",5.03861801215179,"degC","3.5.0"
"abrupt-4xCO2",1745,"global_tas",0,"degC","3.5.0"
"abrupt-4xCO2",1746,"global_tas",0,"degC","3.5.0"
"abrupt-4xCO2",1747,"global_tas",0,"degC","3.5.0"
"abrupt-4xCO2",1748,"global_tas",0,"degC","3.5.0"
"abrupt-4xCO2",1749,"global_tas",0,"degC","3.5.0"
"abrupt-4xCO2",1750,"global_tas",0,"degC","3.5.0"
"abrupt-4xCO2",1751,"global_tas",-8.64806516258497e-08,"degC","3.5.0"
"abrupt-4xCO2",1752,"global_tas",-1.87768794086156e-07,"degC","3.5.0"
"abrupt-4xCO2",1753,"global_tas",-2.65319796785594e-07,"degC","3.5.0"
"abrupt-4xCO2",1754,"global_tas",-3.16729201178338e-07,"degC","3.5.0"
"abrupt-4xCO2",1755,"global_tas",-3.47094097801041e-07,"degC","3.5.0"
"abrupt-4xCO2",1756,"global_tas",-3.61743976433976e-07,"degC","3.5.0"
"abrupt-4xCO2",1757,"global_tas",-3.64833093281382e-07,"degC","3.5.0"
"abrupt-4xCO2",1758,"global_tas",-3.59376424967888e-07,"degC","3.5.0"
"abrupt-4xCO2",1759,"global_tas",-3.47536298554123e-07,"degC","3.5.0"
"abrupt-4xCO2",1760,"global_tas",-3.30878145341989e-07,"degC","3.5.0"
"abrupt-4xCO2",1761,"global_tas",-3.10554431366358e-07,"degC","3.5.0"
"abrupt-4xCO2",1762,"global_tas",-2.87429350325501e-07,"degC","3.5.0"
"abrupt-4xCO2",1763,"global_tas",-2.62162468349819e-07,"degC","3.5.0"
"abrupt-4xCO2",1764,"global_tas",-2.35265309578884e-07,"degC","3.5.0"
"abrupt-4xCO2",1765,"global_tas",-2.07140251471443e-07,"degC","3.5.0"
"abrupt-4xCO2",1766,"global_tas",-1.78107755843539e-07,"degC","3.5.0"
"abrupt-4xCO2",1767,"global_tas",-1.4842578973196e-07,"degC","3.5.0"
"abrupt-4xCO2",1768,"global_tas",-1.18303922281319e-07,"degC","3.5.0"
"abrupt-4xCO2",1769,"global_tas",-8.7913727619192e-08,"degC","3.5.0"
"abrupt-4xCO2",1770,"global_tas",-5.73965800942659e-08,"degC","3.5.0"
"abrupt-4xCO2",1771,"global_tas",-2.68695787177711e-08,"degC","3.5.0"
"abrupt-4xCO2",1772,"global_tas",3.56989034648365e-09,"degC","3.5.0"
"abrupt-4xCO2",1773,"global_tas",3.38405976467703e-08,"degC","3.5.0"
"abrupt-4xCO2",1774,"global_tas",6.38746667966684e-08,"degC","3.5.0"
"abrupt-4xCO2",1775,"global_tas",9.36153407824602e-08,"degC","3.5.0"
"abrupt-4xCO2",1776,"global_tas",1.23015185119379e-07,"degC","3.5.0"
"abrupt-4xCO2",1777,"global_tas",1.52034629087152e-07,"degC","3.5.0"
"abrupt-4xCO2",1778,"global_tas",1.80640771366554e-07,"degC","3.5.0"
"abrupt-4xCO2",1779,"global_tas",2.08806394764804e-07,"degC","3.5.0"
"abrupt-4xCO2",1780,"global_tas",2.36509147183139e-07,"degC","3.5.0"
"abrupt-4xCO2",1781,"global_tas",2.63730856348235e-07,"degC","3.5.0"
"abrupt-4xCO2",1782,"global_tas",2.90456952898613e-07,"degC","3.5.0"
"abrupt-4xCO2",1783,"global_tas",3.16675981590744e-07,"degC","3.5.0"
"abrupt-4xCO2",1784,"global_tas",3.4237918560516e-07,"degC","3.5.0"
"abrupt-4xCO2",1785,"global_tas",3.67560150525406e-07,"degC","3.5.0"
"abrupt-4xCO2",1786,"global_tas",3.92214498501338e-07,"degC","3.5.0"
"abrupt-4xCO2",1787,"global_tas",4.16339624270431e-07,"degC","3.5.0"
"abrupt-4xCO2",1788,"global_tas",4.39934466494862e-07,"degC","3.5.0"
"abrupt-4xCO2",1789,"global_tas",4.62999308926959e-07,"degC","3.5.0"
"abrupt-4xCO2",1790,"global_tas",4.8553560702572e-07,"degC","3.5.0"
"abrupt-4xCO2",1791,"global_tas",5.07545835930929e-07,"degC","3.5.0"
"abrupt-4xCO2",1792,"global_tas",5.2903335797097e-07,"degC","3.5.0"
"abrupt-4xCO2",1793,"global_tas",5.5000230521523e-07,"degC","3.5.0"
"abrupt-4xCO2",1794,"global_tas",5.70457476427186e-07,"degC","3.5.0"
"abrupt-4xCO2",1795,"global_tas",5.90404246230661e-07,"degC","3.5.0"
"abrupt-4xCO2",1796,"global_tas",6.0984848437183e-07,"degC","3.5.0"
"abrupt-4xCO2",1797,"global_tas",6.28796484430433e-07,"degC","3.5.0"
"abrupt-4xCO2",1798,"global_tas",6.4725490065171e-07,"degC","3.5.0"
"abrupt-4xCO2",1799,"global_tas",6.65230691661558e-07,"degC","3.5.0"
"abrupt-4xCO2",1800,"global_tas",0.78847474626576,"degC","3.5.0"
"abrupt-4xCO2",1801,"global_tas",1.51633178209223,"degC","3.5.0"
"abrupt-4xCO2",1802,"global_tas",2.04094230127332,"degC","3.5.0"
"abrupt-4xCO2",1803,"global_tas",2.43797107670923,"degC","3.5.0"
"abrupt-4xCO2",1804,"global_tas",2.74946811340417,"degC","3.5.0"
"abrupt-4xCO2",1805,"global_tas",3.00082395329986,"degC","3.5.0"
"abrupt-4xCO2",1806,"global_tas",3.20832807099601,"degC","3.5.0"
"abrupt-4xCO2",1807,"global_tas",3.38291650812854,"degC","3.5.0"
"abrupt-4xCO2",1808,"global_tas",3.53219422505422,"degC","3.5.0"
"abrupt-4xCO2",1809,"global_tas",3.66160223944859,"degC","3.5.0"
"abrupt-4xCO2",1810,"global_tas",3.77512741451468,"degC","3.5.0"
"abrupt-4xCO2",1811,"global_tas",3.8757521091111,"degC","3.5.0"
"abrupt-4xCO2",1812,"global_tas",3.96574844185074,"degC","3.5.0"
"abrupt-4xCO2",1813,"global_tas",4.04687607383177,"degC","3.5.0"
"abrupt-4xCO2",1814,"global_tas",4.12051818765266,"degC","3.5.0"
"abrupt-4xCO2",1815,"global_tas",4.18777684190878,"degC","3.5.0"
"abrupt-4xCO2",1816,"global_tas",4.24954102867801,"degC","3.5.0"
"abrupt-4xCO2",1817,"global_tas",4.30653603227924,"degC","3.5.0"
"abrupt-4xCO2",1818,"global_tas",4.35935975631731,"degC","3.5.0"
"abrupt-4xCO2",1819,"global_tas",4.40850982490243,"degC","3.5.0"
"abrupt-4xCO2",1820,"global_tas",4.45440405748801,"degC","3.5.0"
"abrupt-4xCO2",1821,"global_tas",4.4973961202557,"degC","3.5.0"
"abrupt-4xCO2",1822,"global_tas",4.53778762236501,"degC","3.5.0"
"abrupt-4xCO2",1823,"global_tas",4.57583756111788,"degC","3.5.0"
"abrupt-4xCO2",1824,"global_tas",4.61176976841512,"degC","3.5.0"
"abrupt-4xCO2",1825,"global_tas",4.64577883473593,"degC","3.5.0"
"abrupt-4xCO2",1826,"global_tas",4.6780348620848,"degC","3.5.0"
"abrupt-4xCO2",1827,"global_tas",4.70868730793533,"degC","3.5.0"
"abrupt-4xCO2",1828,"global_tas",4.7378681174387,"degC","3.5.0"
"abrupt-4xCO2",1829,"global_tas",4.76569429377878,"degC","3.5.0"
"abrupt-4xCO2",1830,"global_tas",4.79227002154904,"degC","3.5.0"
"abrupt-4xCO2",1831,"global_tas",4.81768843192629,"degC","3.5.0"
"abrupt-4xCO2",1832,"global_tas",4.84203307878671,"degC","3.5.0"
"abrupt-4xCO2",1833,"global_tas",4.86537918002401,"degC","3.5.0"
"abrupt-4xCO2",1834,"global_tas",4.88779466695165,"degC","3.5.0"
"abrupt-4xCO2",1835,"global_tas",4.90934107590865,"degC","3.5.0"
"abrupt-4xCO2",1836,"global_tas",4.93007430939182,"degC","3.5.0"
"abrupt-4xCO2",1837,"global_tas",4.95004528872889,"degC","3.5.0"
"abrupt-4xCO2",1838,"global_tas",4.96930051613391,"degC","3.5.0"
"abrupt-4xCO2",1839,"global_tas",4.98788256068518,"degC","3.5.0"
"abrupt-4xCO2",1840,"global_tas",5.0058304801383,"degC","3.5.0"
"abrupt-4xCO2",1841,"global_tas",5.02318018838465,"degC","3.5.0"
"abrupt-4xCO2",1842,"global_tas",5.03996477667263,"degC","3.5.0"
"abrupt-4xCO2",1843,"global_tas",5.05621479534004,"degC","3.5.0"
"abrupt-4xCO2",1844,"global_tas",5.07195850169271,"degC","3.5.0"
"abrupt-4xCO2",1845,"global_tas",5.08722207875436,"degC","3.5.0"
"abrupt-4xCO2",1846,"global_tas",5.10202982886659,"degC","3.5.0"
"abrupt-4xCO2",1847,"global_tas",5.11640434550159,"degC","3.5.0"
"abrupt-4xCO2",1848,"global_tas",5.13036666614091,"degC","3.5.0"
"abrupt-4xCO2",1849,"global_tas",5.14393640864942,"degC","3.5.0"
"abrupt-4xCO2",1850,"global_tas",5.15713189322007,"degC","3.5.0"
"abrupt-4xCO2",1851,"global_tas",5.16997025166855,"degC","3.5.0"
"abrupt-4xCO2",1852,"global_tas",5.18246752560765,"degC","3.5.0"
"abrupt-4xCO2",1853,"global_tas",5.19463875482102,"degC","3.5.0"
"abrupt-4xCO2",1854,"global_tas",5.20649805697768,"degC","3.5.0"
"abrupt-4xCO2",1855,"global_tas",5.2180586996776,"degC","3.5.0"
"abrupt-4xCO2",1856,"global_tas",5.22933316568973,"degC","3.5.0"
"abrupt-4xCO2",1857,"global_tas",5.24033321213355,"degC","3.5.0"
"abrupt-4xCO2",1858,"global_tas",5.25106992426112,"degC","3.5.0"
"abrupt-4xCO2",1859,"global_tas",5.26155376441511,"degC","3.5.0"
"abrupt-4xCO2",1860,"global_tas",5.27179461666868,"degC","3.5.0"
"abrupt-4xCO2",1861,"global_tas",5.28180182759226,"degC","3.5.0"
"abrupt-4xCO2",1862,"global_tas",5.29158424354044,"degC","3.5.0"
"abrupt-4xCO2",1863,"global_tas",5.30115024480612,"degC","3.5.0"
"abrupt-4xCO2",1864,"global_tas",5.31050777695001,"degC","3.5.0"
"abrupt-4xCO2",1865,"global_tas",5.31966437957873,"degC","3.5.0"
"abrupt-4xCO2",1866,"global_tas",5.32862721281471,"degC","3.5.0"
"abrupt-4xCO2",1867,"global_tas",5.33740308167448,"degC","3.5.0"
"abrupt-4xCO2",1868,"global_tas",5.34599845854902,"degC","3.5.0"
"abrupt-4xCO2",1869,"global_tas",5.35441950395895,"degC","3.5.0"
"abrupt-4xCO2",1870,"global_tas",5.36267208573986,"degC","3.5.0"
"abrupt-4xCO2",1871,"global_tas",5.37076179679653,"degC","3.5.0"
"abrupt-4xCO2",1872,"global_tas",5.37869397155143,"degC","3.5.0"
"abrupt-4xCO2",1873,"global_tas",5.3864737011997,"degC","3.5.0"
"abrupt-4xCO2",1874,"global_tas",5.39410584787231,"degC","3.5.0"
"abrupt-4xCO2",1875,"global_tas",5.40159505779882,"degC","3.5.0"
"abrupt-4xCO2",1876,"global_tas",5.40894577355262,"degC","3.5.0"
"abrupt-4xCO2",1877,"global_tas",5.41616224545364,"degC","3.5.0"
"abrupt-4xCO2",1878,"global_tas",5.42324854219642,"degC","3.5.0"
"abrupt-4xCO2",1879,"global_tas",5.43020856076528,"degC","3.5.0"
"abrupt-4xCO2",1880,"global_tas",5.43704603569264,"degC","3.5.0"
"abrupt-4xCO2",1881,"global_tas",5.44376454771154,"degC","3.5.0"
"abrupt-4xCO2",1882,"global_tas",5.45036753184884,"degC","3.5.0"
"abrupt-4xCO2",1883,"global_tas",5.45685828500143,"degC","3.5.0"
"abrupt-4xCO2",1884,"global_tas",5.46323997303437,"degC","3.5.0"
"abrupt-4xCO2",1885,"global_tas",5.46951563743608,"degC","3.5.0"
"abrupt-4xCO2",1886,"global_tas",5.47568820156333,"degC","3.5.0"
"abrupt-4xCO2",1887,"global_tas",5.48176047650535,"degC","3.5.0"
"abrupt-4xCO2",1888,"global_tas",5.48773516659465,"degC","3.5.0"
"abrupt-4xCO2",1889,"global_tas",5.49361487458924,"degC","3.5.0"
"abrupt-4xCO2",1890,"global_tas",5.49940210654943,"degC","3.5.0"
"abrupt-4xCO2",1891,"global_tas",5.50509927643027,"degC","3.5.0"
"abrupt-4xCO2",1892,"global_tas",5.51070871040912,"degC","3.5.0"
"abrupt-4xCO2",1893,"global_tas",5.51623265096618,"degC","3.5.0"
"abrupt-4xCO2",1894,"global_tas",5.52167326073469,"degC","3.5.0"
"abrupt-4xCO2",1895,"global_tas",5.52703262613597,"degC","3.5.0"
"abrupt-4xCO2",1896,"global_tas",5.53231276081339,"degC","3.5.0"
"abrupt-4xCO2",1897,"global_tas",5.53751560887842,"degC","3.5.0"
"abrupt-4xCO2",1898,"global_tas",5.54264304798077,"degC","3.5.0"
"abrupt-4xCO2",1899,"global_tas",5.54769689221379,"degC","3.5.0"
"abrupt-4xCO2",1900,"global_tas",5.55267889486563,"degC","3.5.0"
"abrupt-4xCO2",1901,"global_tas",5.55759075102562,"degC","3.5.0"
"abrupt-4xCO2",1902,"global_tas",5.56243410005492,"degC","3.5.0"
"abrupt-4xCO2",1903,"global_tas",5.56721052792972,"degC","3.5.0"
"abrupt-4xCO2",1904,"global_tas",5.57192156946473,"degC","3.5.0"
"abrupt-4xCO2",1905,"global_tas",5.57656871042407,"degC","3.5.0"
"abrupt-4xCO2",1906,"global_tas",5.58115338952634,"degC","3.5.0"
"abrupt-4xCO2",1907,"global_tas",5.5856770003501,"degC","3.5.0"
"abrupt-4xCO2",1908,"global_tas",5.59014089314548,"degC","3.5.0"
"abrupt-4xCO2",1909,"global_tas",5.59454637655746,"degC","3.5.0"
"abrupt-4xCO2",1910,"global_tas",5.59889471926585,"degC","3.5.0"
"abrupt-4xCO2",1911,"global_tas",5.60318715154662,"degC","3.5.0"
"abrupt-4xCO2",1912,"global_tas",5.60742486675917,"degC","3.5.0"
"abrupt-4xCO2",1913,"global_tas",5.61160902276352,"degC","3.5.0"
"abrupt-4xCO2",1914,"global_tas",5.61574074327136,"degC","3.5.0"
"abrupt-4xCO2",1915,"global_tas",5.61982111913458,"degC","3.5.0"
"abrupt-4xCO2",1916,"global_tas",5.62385120957477,"degC","3.5.0"
"abrupt-4xCO2",1917,"global_tas",5.62783204335664,"degC","3.5.0"
"abrupt-4xCO2",1918,"global_tas",5.63176461990864,"degC","3.5.0"
"abrupt-4xCO2",1919,"global_tas",5.63564991039337,"degC","3.5.0"
"abrupt-4xCO2",1920,"global_tas",5.63948885873052,"degC","3.5.0"
"abrupt-4xCO2",1921,"global_tas",5.64328238257482,"degC","3.5.0"
"abrupt-4xCO2",1922,"global_tas",5.64703137425122,"degC","3.5.0"
"abrupt-4xCO2",1923,"global_tas",5.65073670164967,"degC","3.5.0"
"abrupt-4xCO2",1924,"global_tas",5.65439920908138,"degC","3.5.0"
"abrupt-4xCO2",1925,"global_tas",5.65801971809867,"degC","3.5.0"
"abrupt-4xCO2",1926,"global_tas",5.66159902828006,"degC","3.5.0"
"abrupt-4xCO2",1927,"global_tas",5.66513791798248,"degC","3.5.0"
"abrupt-4xCO2",1928,"global_tas",5.66863714506217,"degC","3.5.0"
"abrupt-4xCO2",1929,"global_tas",5.67209744756571,"degC","3.5.0"
"abrupt-4xCO2",1930,"global_tas",5.67551954439283,"degC","3.5.0"
"abrupt-4xCO2",1931,"global_tas",5.67890413593217,"degC","3.5.0"
"abrupt-4xCO2",1932,"global_tas",5.68225190467137,"degC","3.5.0"
"abrupt-4xCO2",1933,"global_tas",5.68556351578272,"degC","3.5.0"
"abrupt-4xCO2",1934,"global_tas",5.6888396176855,"degC","3.5.0"
"abrupt-4xCO2",1935,"global_tas",5.69208084258607,"degC","3.5.0"
"abrupt-4xCO2",1936,"global_tas",5.69528780699684,"degC","3.5.0"
"abrupt-4xCO2",1937,"global_tas",5.69846111223494,"degC","3.5.0"
"abrupt-4xCO2",1938,"global_tas",5.70160134490172,"degC","3.5.0"
"abrupt-4xCO2",1939,"global_tas",5.70470907734375,"degC","3.5.0"
"abrupt-4xCO2",1940,"global_tas",5.70778486809631,"degC","3.5.0"
"abrupt-4xCO2",1941,"global_tas",5.71082926231003,"degC","3.5.0"
"abrupt-4xCO2",1942,"global_tas",5.71384279216155,"degC","3.5.0"
"abrupt-4xCO2",1943,"global_tas",5.71682597724883,"degC","3.5.0"
"abrupt-4xCO2",1944,"global_tas",5.71977932497184,"degC","3.5.0"
"abrupt-4xCO2",1945,"global_tas",5.72270333089912,"degC","3.5.0"
"abrupt-4xCO2",1946,"global_tas",5.72559847912106,"degC","3.5.0"
"abrupt-4xCO2",1947,"global_tas",5.7284652425903,"degC","3.5.0"
"abrupt-4xCO2",1948,"global_tas",5.73130408344977,"degC","3.5.0"
"abrupt-4xCO2",1949,"global_tas",5.73411545334915,"degC","3.5.0"
"abrupt-4xCO2",1950,"global_tas",5.73689979374984,"degC","3.5.0"
"abrupt-4xCO2",1951,"global_tas",5.73965753621934,"degC","3.5.0"
"abrupt-4xCO2",1952,"global_tas",5.7423891027151,"degC","3.5.0"
"abrupt-4xCO2",1953,"global_tas",5.74509490585863,"degC","3.5.0"
"abrupt-4xCO2",1954,"global_tas",5.74777534919994,"degC","3.5.0"
"abrupt-4xCO2",1955,"global_tas",5.75043082747297,"degC","3.5.0"
"abrupt-4xCO2",1956,"global_tas",5.75306172684225,"degC","3.5.0"
"abrupt-4xCO2",1957,"global_tas",5.75566842514109,"degC","3.5.0"
"abrupt-4xCO2",1958,"global_tas",5.7582512921018,"degC","3.5.0"
"abrupt-4xCO2",1959,"global_tas",5.76081068957811,"degC","3.5.0"
"abrupt-4xCO2",1960,"global_tas",5.76334697176018,"degC","3.5.0"
"abrupt-4xCO2",1961,"global_tas",5.76586048538247,"degC","3.5.0"
"abrupt-4xCO2",1962,"global_tas",5.76835156992473,"degC","3.5.0"
"abrupt-4xCO2",1963,"global_tas",5.77082055780643,"degC","3.5.0"
"abrupt-4xCO2",1964,"global_tas",5.77326777457479,"degC","3.5.0"
"abrupt-4xCO2",1965,"global_tas",5.77569353908674,"degC","3.5.0"
"abrupt-4xCO2",1966,"global_tas",5.77809816368508,"degC","3.5.0"
"abrupt-4xCO2",1967,"global_tas",5.78048195436885,"degC","3.5.0"
"abrupt-4xCO2",1968,"global_tas",5.78284521095841,"degC","3.5.0"
"abrupt-4xCO2",1969,"global_tas",5.78518822725523,"degC","3.5.0"
"abrupt-4xCO2",1970,"global_tas",5.78751129119666,"degC","3.5.0"
"abrupt-4xCO2",1971,"global_tas",5.78981468500586,"degC","3.5.0"
"abrupt-4xCO2",1972,"global_tas",5.79209868533705,"degC","3.5.0"
"abrupt-4xCO2",1973,"global_tas",5.79436356341627,"degC","3.5.0"
"abrupt-4xCO2",1974,"global_tas",5.79660958517777,"degC","3.5.0"
"abrupt-4xCO2",1975,"global_tas",5.79883701139633,"degC","3.5.0"
"abrupt-4xCO2",1976,"global_tas",5.8010460978155,"degC","3.5.0"
"abrupt-4xCO2",1977,"global_tas",5.80323709527185,"degC","3.5.0"
"abrupt-4xCO2",1978,"global_tas",5.80541024981568,"degC","3.5.0"
"abrupt-4xCO2",1979,"global_tas",5.80756580282796,"degC","3.5.0"
"abrupt-4xCO2",1980,"global_tas",5.80970399113386,"degC","3.5.0"
"abrupt-4xCO2",1981,"global_tas",5.8118250471129,"degC","3.5.0"
"abrupt-4xCO2",1982,"global_tas",5.81392919880591,"degC","3.5.0"
"abrupt-4xCO2",1983,"global_tas",5.81601667001875,"degC","3.5.0"
"abrupt-4xCO2",1984,"global_tas",5.81808768042307,"degC","3.5.0"
"abrupt-4xCO2",1985,"global_tas",5.82014244565419,"degC","3.5.0"
"abrupt-4xCO2",1986,"global_tas",5.82218117740611,"degC","3.5.0"
"abrupt-4xCO2",1987,"global_tas",5.82420408352378,"degC","3.5.0"
"abrupt-4xCO2",1988,"global_tas",5.82621136809278,"degC","3.5.0"
"abrupt-4xCO2",1989,"global_tas",5.82820323152644,"degC","3.5.0"
"abrupt-4xCO2",1990,"global_tas",5.83017987065051,"degC","3.5.0"
"abrupt-4xCO2",1991,"global_tas",5.8321414787854,"degC","3.5.0"
"abrupt-4xCO2",1992,"global_tas",5.83408824582623,"degC","3.5.0"
"abrupt-4xCO2",1993,"global_tas",5.83602035832055,"degC","3.5.0"
"abrupt-4xCO2",1994,"global_tas",5.83793799954396,"degC","3.5.0"
"abrupt-4xCO2",1995,"global_tas",5.83984134957367,"degC","3.5.0"
"abrupt-4xCO2",1996,"global_tas",5.84173058535997,"degC","3.5.0"
"abrupt-4xCO2",1997,"global_tas",5.84360588079583,"degC","3.5.0"
"abrupt-4xCO2",1998,"global_tas",5.84546740678464,"degC","3.5.0"
"abrupt-4xCO2",1999,"global_tas",5.84731533130599,"degC","3.5.0"
"abrupt-4xCO2",2000,"global_tas",5.84914981947977,"degC","3.5.0"
"abrupt-4xCO2",2001,"global_tas",5.85097103362861,"degC","3.5.0"
"abrupt-4xCO2",2002,"global_tas",5.85277913333855,"degC","3.5.0"
"abrupt-4xCO2",2003,"global_tas",5.85457427551819,"degC","3.5.0"
"abrupt-4xCO2",2004,"global_tas",5.85635661445624,"degC","3.5.0"
"abrupt-4xCO2",2005,"global_tas",5.8581263018776,"degC","3.5.0"
"abrupt-4xCO2",2006,"global_tas",5.85988348699793,"degC","3.5.0"
"abrupt-4xCO2",2007,"global_tas",5.86162831657686,"degC","3.5.0"
"abrupt-4xCO2",2008,"global_tas",5.86336093496975,"degC","3.5.0"
"abrupt-4xCO2",2009,"global_tas",5.86508148417821,"degC","3.5.0"
"abrupt-4xCO2",2010,"global_tas",5.86679010389923,"degC","3.5.0"
"abrupt-4xCO2",2011,"global_tas",5.86848693157319,"degC","3.5.0"
"abrupt-4xCO2",2012,"global_tas",5.87017210243053,"degC","3.5.0"
"abrupt-4xCO2",2013,"global_tas",5.87184574953732,"degC","3.5.0"
"abrupt-4xCO2",2014,"global_tas",5.87350800383959,"degC","3.5.0"
"abrupt-4xCO2",2015,"global_tas",5.87515899420671,"degC","3.5.0"
"abrupt-4xCO2",2016,"global_tas",5.87679884747351,"degC","3.5.0"
"abrupt-4xCO2",2017,"global_tas",5.87842768848153,"degC","3.5.0"
"abrupt-4xCO2",2018,"global_tas",5.88004564011909,"degC","3.5.0"
"abrupt-4xCO2",2019,"global_tas",5.88165282336052,"degC","3.5.0"
"abrupt-4xCO2",2020,"global_tas",5.88324935730435,"degC","3.5.0"
"abrupt-4xCO2",2021,"global_tas",5.88483535921057,"degC","3.5.0"
"abrupt-4xCO2",2022,"global_tas",5.88641094453702,"degC","3.5.0"
"abrupt-4xCO2",2023,"global_tas",5.88797622697493,"degC","3.5.0"
"abrupt-4xCO2",2024,"global_tas",5.88953131848351,"degC","3.5.0"
"abrupt-4xCO2",2025,"global_tas",5.89107632932378,"degC","3.5.0"
"abrupt-4xCO2",2026,"global_tas",5.8926113680916,"degC","3.5.0"
"abrupt-4xCO2",2027,"global_tas",5.8941365417499,"degC","3.5.0"
"abrupt-4xCO2",2028,"global_tas",5.89565195566016,"degC","3.5.0"
"abrupt-4xCO2",2029,"global_tas",5.89715771361314,"degC","3.5.0"
"abrupt-4xCO2",2030,"global_tas",5.89865391785889,"degC","3.5.0"
"abrupt-4xCO2",2031,"global_tas",5.90014066913608,"degC","3.5.0"
"abrupt-4xCO2",2032,"global_tas",5.90161806670063,"degC","3.5.0"
"abrupt-4xCO2",2033,"global_tas",5.90308620835366,"degC","3.5.0"
"abrupt-4xCO2",2034,"global_tas",5.90454519046889,"degC","3.5.0"
"abrupt-4xCO2",2035,"global_tas",5.90599510801927,"degC","3.5.0"
"abrupt-4xCO2",2036,"global_tas",5.90743605460313,"degC","3.5.0"
"abrupt-4xCO2",2037,"global_tas",5.90886812246967,"degC","3.5.0"
"abrupt-4xCO2",2038,"global_tas",5.91029140254391,"degC","3.5.0"
"abrupt-4xCO2",2039,"global_tas",5.911705984451,"degC","3.5.0"
"abrupt-4xCO2",2040,"global_tas",5.91311195654011,"degC","3.5.0"
"abrupt-4xCO2",2041,"global_tas",5.91450940590769,"degC","3.5.0"
"abrupt-4xCO2",2042,"global_tas",5.91589841842022,"degC","3.5.0"
"abrupt-4xCO2",2043,"global_tas",5.9172790787365,"degC","3.5.0"
"abrupt-4xCO2",2044,"global_tas",5.91865147032946,"degC","3.5.0"
"abrupt-4xCO2",2045,"global_tas",5.92001567550739,"degC","3.5.0"
"abrupt-4xCO2",2046,"global_tas",5.92137177543482,"degC","3.5.0"
"abrupt-4xCO2",2047,"global_tas",5.92271985015291,"degC","3.5.0"
"abrupt-4xCO2",2048,"global_tas",5.92405997859932,"degC","3.5.0"
"abrupt-4xCO2",2049,"global_tas",5.92539223862779,"degC","3.5.0"
"abrupt-4xCO2",2050,"global_tas",5.92671670702718,"degC","3.5.0"
"abrupt-4xCO2",2051,"global_tas",5.92803345954014,"degC","3.5.0"
"abrupt-4xCO2",2052,"global_tas",5.92934257088143,"degC","3.5.0"
"abrupt-4xCO2",2053,"global_tas",5.93064411475574,"degC","3.5.0"
"abrupt-4xCO2",2054,"global_tas",5.93193816387527,"degC","3.5.0"
"abrupt-4xCO2",2055,"global_tas",5.93322478997682,"degC","3.5.0"
"abrupt-4xCO2",2056,"global_tas",5.93450406383858,"degC","3.5.0"
"abrupt-4xCO2",2057,"global_tas",5.93577605529656,"degC","3.5.0"
"abrupt-4xCO2",2058,"global_tas",5.93704083326067,"degC","3.5.0"
"abrupt-4xCO2",2059,"global_tas",5.93829846573048,"degC","3.5.0"
"abrupt-4xCO2",2060,"global_tas",5.9395490198106,"degC","3.5.0"
"abrupt-4xCO2",2061,"global_tas",5.94079256172588,"degC","3.5.0"
"abrupt-4xCO2",2062,"global_tas",5.94202915683607,"degC","3.5.0"
"abrupt-4xCO2",2063,"global_tas",5.9432588696504,"degC","3.5.0"
"abrupt-4xCO2",2064,"global_tas",5.94448176384179,"degC","3.5.0"
"abrupt-4xCO2",2065,"global_tas",5.94569790226068,"degC","3.5.0"
"abrupt-4xCO2",2066,"global_tas",5.9469073469487,"degC","3.5.0"
"abrupt-4xCO2",2067,"global_tas",5.94811015915202,"degC","3.5.0"
"abrupt-4xCO2",2068,"global_tas",5.94930639933441,"degC","3.5.0"
"abrupt-4xCO2",2069,"global_tas",5.9504961271901,"degC","3.5.0"
"abrupt-4xCO2",2070,"global_tas",5.95167940165629,"degC","3.5.0"
"abrupt-4xCO2",2071,"global_tas",5.9528562809255,"degC","3.5.0"
"abrupt-4xCO2",2072,"global_tas",5.95402682245763,"degC","3.5.0"
"abrupt-4xCO2",2073,"global_tas",5.9551910829918,"degC","3.5.0"
"abrupt-4xCO2",2074,"global_tas",5.95634911855795,"degC","3.5.0"
"abrupt-4xCO2",2075,"global_tas",5.95750098448816,"degC","3.5.0"
"abrupt-4xCO2",2076,"global_tas",5.95864673542784,"degC","3.5.0"
"abrupt-4xCO2",2077,"global_tas",5.95978642534667,"degC","3.5.0"
"abrupt-4xCO2",2078,"global_tas",5.96092010754932,"degC","3.5.0"
"abrupt-4xCO2",2079,"global_tas",5.96204783468592,"degC","3.5.0"
"abrupt-4xCO2",2080,"global_tas",5.96316965876244,"degC","3.5.0"
"abrupt-4xCO2",2081,"global_tas",5.96428563115076,"degC","3.5.0"
"abrupt-4xCO2",2082,"global_tas",5.96539580259858,"degC","3.5.0"
"abrupt-4xCO2",2083,"global_tas",5.96650022323915,"degC","3.5.0"
"abrupt-4xCO2",2084,"global_tas",5.96759894260085,"degC","3.5.0"
"abrupt-4xCO2",2085,"global_tas",5.96869200961651,"degC","3.5.0"
"abrupt-4xCO2",2086,"global_tas",5.96977947263265,"degC","3.5.0"
"abrupt-4xCO2",2087,"global_tas",5.97086137941845,"degC","3.5.0"
"abrupt-4xCO2",2088,"global_tas",5.97193777717461,"degC","3.5.0"
"abrupt-4xCO2",2089,"global_tas",5.97300871254206,"degC","3.5.0"
"abrupt-4xCO2",2090,"global_tas",5.97407423161044,"degC","3.5.0"
"abrupt-4xCO2",2091,"global_tas",5.97513437992646,"degC","3.5.0"
"abrupt-4xCO2",2092,"global_tas",5.97618920250214,"degC","3.5.0"
"abrupt-4xCO2",2093,"global_tas",5.97723874382286,"degC","3.5.0"
"abrupt-4xCO2",2094,"global_tas",5.97828304785525,"degC","3.5.0"
"abrupt-4xCO2",2095,"global_tas",5.97932215805498,"degC","3.5.0"
"abrupt-4xCO2",2096,"global_tas",5.98035611737434,"degC","3.5.0"
"abrupt-4xCO2",2097,"global_tas",5.9813849682698,"degC","3.5.0"
"abrupt-4xCO2",2098,"global_tas",5.98240875270928,"degC","3.5.0"
"abrupt-4xCO2",2099,"global_tas",5.9834275121794,"degC","3.5.0"
"abrupt-4xCO2",2100,"global_tas",5.98444128769258,"degC","3.5.0"
