"scenario","year","variable","value","units"
"exp3",1745,"CO2_concentration",277.15,"ppmv CO2"
"exp3",1746,"CO2_concentration",277.186921051235,"ppmv CO2"
"exp3",1747,"CO2_concentration",277.220137942511,"ppmv CO2"
"exp3",1748,"CO2_concentration",277.251104818847,"ppmv CO2"
"exp3",1749,"CO2_concentration",277.280212452923,"ppmv CO2"
"exp3",1750,"CO2_concentration",277.307724856357,"ppmv CO2"
"exp3",1751,"CO2_concentration",277.333807029514,"ppmv CO2"
"exp3",1752,"CO2_concentration",277.372590886382,"ppmv CO2"
"exp3",1753,"CO2_concentration",277.419884680709,"ppmv CO2"
"exp3",1754,"CO2_concentration",277.468594520096,"ppmv CO2"
"exp3",1755,"CO2_concentration",277.515746286077,"ppmv CO2"
"exp3",1756,"CO2_concentration",277.559541348438,"ppmv CO2"
"exp3",1757,"CO2_concentration",277.585179765012,"ppmv CO2"
"exp3",1758,"CO2_concentration",277.607305877609,"ppmv CO2"
"exp3",1759,"CO2_concentration",277.63720928121,"ppmv CO2"
"exp3",1760,"CO2_concentration",277.673453846773,"ppmv CO2"
"exp3",1761,"CO2_concentration",277.712254378413,"ppmv CO2"
"exp3",1762,"CO2_concentration",277.751970795019,"ppmv CO2"
"exp3",1763,"CO2_concentration",277.728669683259,"ppmv CO2"
"exp3",1764,"CO2_concentration",277.682868038158,"ppmv CO2"
"exp3",1765,"CO2_concentration",277.669174495661,"ppmv CO2"
"exp3",1766,"CO2_concentration",277.688505659164,"ppmv CO2"
"exp3",1767,"CO2_concentration",277.703513575939,"ppmv CO2"
"exp3",1768,"CO2_concentration",277.706438615942,"ppmv CO2"
"exp3",1769,"CO2_concentration",277.721909901029,"ppmv CO2"
"exp3",1770,"CO2_concentration",277.755695793918,"ppmv CO2"
"exp3",1771,"CO2_concentration",277.791049829026,"ppmv CO2"
"exp3",1772,"CO2_concentration",277.828069430068,"ppmv CO2"
"exp3",1773,"CO2_concentration",277.870954468559,"ppmv CO2"
"exp3",1774,"CO2_concentration",277.917900436589,"ppmv CO2"
"exp3",1775,"CO2_concentration",277.965145856055,"ppmv CO2"
"exp3",1776,"CO2_concentration",278.011865966407,"ppmv CO2"
"exp3",1777,"CO2_concentration",278.058069122189,"ppmv CO2"
"exp3",1778,"CO2_concentration",278.102979148004,"ppmv CO2"
"exp3",1779,"CO2_concentration",278.146314544841,"ppmv CO2"
"exp3",1780,"CO2_concentration",278.188889086015,"ppmv CO2"
"exp3",1781,"CO2_concentration",278.230373307168,"ppmv CO2"
"exp3",1782,"CO2_concentration",278.271621886295,"ppmv CO2"
"exp3",1783,"CO2_concentration",278.312687197885,"ppmv CO2"
"exp3",1784,"CO2_concentration",278.229006481807,"ppmv CO2"
"exp3",1785,"CO2_concentration",277.94835282783,"ppmv CO2"
"exp3",1786,"CO2_concentration",277.701839481478,"ppmv CO2"
"exp3",1787,"CO2_concentration",277.593641166761,"ppmv CO2"
"exp3",1788,"CO2_concentration",277.594130558617,"ppmv CO2"
"exp3",1789,"CO2_concentration",277.659972189254,"ppmv CO2"
"exp3",1790,"CO2_concentration",277.758564529039,"ppmv CO2"
"exp3",1791,"CO2_concentration",277.869920785746,"ppmv CO2"
"exp3",1792,"CO2_concentration",277.984726436696,"ppmv CO2"
"exp3",1793,"CO2_concentration",278.09867376596,"ppmv CO2"
"exp3",1794,"CO2_concentration",278.20998278208,"ppmv CO2"
"exp3",1795,"CO2_concentration",278.317607010215,"ppmv CO2"
"exp3",1796,"CO2_concentration",278.42271808835,"ppmv CO2"
"exp3",1797,"CO2_concentration",278.518298437548,"ppmv CO2"
"exp3",1798,"CO2_concentration",278.600342928158,"ppmv CO2"
"exp3",1799,"CO2_concentration",278.681835153882,"ppmv CO2"
"exp3",1800,"CO2_concentration",278.772457432473,"ppmv CO2"
"exp3",1801,"CO2_concentration",278.871388627772,"ppmv CO2"
"exp3",1802,"CO2_concentration",278.975484349379,"ppmv CO2"
"exp3",1803,"CO2_concentration",279.083419361153,"ppmv CO2"
"exp3",1804,"CO2_concentration",279.192420063693,"ppmv CO2"
"exp3",1805,"CO2_concentration",279.303303676827,"ppmv CO2"
"exp3",1806,"CO2_concentration",279.41487057555,"ppmv CO2"
"exp3",1807,"CO2_concentration",279.523006669281,"ppmv CO2"
"exp3",1808,"CO2_concentration",279.628827558236,"ppmv CO2"
"exp3",1809,"CO2_concentration",279.731442919609,"ppmv CO2"
"exp3",1810,"CO2_concentration",279.599300093928,"ppmv CO2"
"exp3",1811,"CO2_concentration",279.371466012289,"ppmv CO2"
"exp3",1812,"CO2_concentration",279.255853587703,"ppmv CO2"
"exp3",1813,"CO2_concentration",279.277533714076,"ppmv CO2"
"exp3",1814,"CO2_concentration",279.384777345314,"ppmv CO2"
"exp3",1815,"CO2_concentration",279.533107511843,"ppmv CO2"
"exp3",1816,"CO2_concentration",279.471727843186,"ppmv CO2"
"exp3",1817,"CO2_concentration",279.183068125621,"ppmv CO2"
"exp3",1818,"CO2_concentration",278.982414017847,"ppmv CO2"
"exp3",1819,"CO2_concentration",278.98003669002,"ppmv CO2"
"exp3",1820,"CO2_concentration",279.11360742158,"ppmv CO2"
"exp3",1821,"CO2_concentration",279.31508698184,"ppmv CO2"
"exp3",1822,"CO2_concentration",279.536311020789,"ppmv CO2"
"exp3",1823,"CO2_concentration",279.757598101635,"ppmv CO2"
"exp3",1824,"CO2_concentration",279.952387127736,"ppmv CO2"
"exp3",1825,"CO2_concentration",280.140386328542,"ppmv CO2"
"exp3",1826,"CO2_concentration",280.338922837223,"ppmv CO2"
"exp3",1827,"CO2_concentration",280.546052522521,"ppmv CO2"
"exp3",1828,"CO2_concentration",280.756934606171,"ppmv CO2"
"exp3",1829,"CO2_concentration",280.966859673167,"ppmv CO2"
"exp3",1830,"CO2_concentration",281.174821381242,"ppmv CO2"
"exp3",1831,"CO2_concentration",281.383617644352,"ppmv CO2"
"exp3",1832,"CO2_concentration",281.433798449401,"ppmv CO2"
"exp3",1833,"CO2_concentration",281.413936790371,"ppmv CO2"
"exp3",1834,"CO2_concentration",281.46950913732,"ppmv CO2"
"exp3",1835,"CO2_concentration",281.615592325648,"ppmv CO2"
"exp3",1836,"CO2_concentration",281.703453667128,"ppmv CO2"
"exp3",1837,"CO2_concentration",281.769251062862,"ppmv CO2"
"exp3",1838,"CO2_concentration",281.900700857846,"ppmv CO2"
"exp3",1839,"CO2_concentration",282.101244644307,"ppmv CO2"
"exp3",1840,"CO2_concentration",282.341991742404,"ppmv CO2"
"exp3",1841,"CO2_concentration",282.600895875239,"ppmv CO2"
"exp3",1842,"CO2_concentration",282.864992937779,"ppmv CO2"
"exp3",1843,"CO2_concentration",283.129349512408,"ppmv CO2"
"exp3",1844,"CO2_concentration",283.392013716655,"ppmv CO2"
"exp3",1845,"CO2_concentration",283.653656772276,"ppmv CO2"
"exp3",1846,"CO2_concentration",283.91450213383,"ppmv CO2"
"exp3",1847,"CO2_concentration",284.162043052707,"ppmv CO2"
"exp3",1848,"CO2_concentration",284.404632355348,"ppmv CO2"
"exp3",1849,"CO2_concentration",284.651472661091,"ppmv CO2"
"exp3",1850,"CO2_concentration",284.905837344033,"ppmv CO2"
"exp3",1851,"CO2_concentration",285.166004897974,"ppmv CO2"
"exp3",1852,"CO2_concentration",285.422035824395,"ppmv CO2"
"exp3",1853,"CO2_concentration",285.703166060643,"ppmv CO2"
"exp3",1854,"CO2_concentration",285.959617413904,"ppmv CO2"
"exp3",1855,"CO2_concentration",286.197497794177,"ppmv CO2"
"exp3",1856,"CO2_concentration",286.429719070828,"ppmv CO2"
"exp3",1857,"CO2_concentration",286.665253685878,"ppmv CO2"
"exp3",1858,"CO2_concentration",286.886389677454,"ppmv CO2"
"exp3",1859,"CO2_concentration",287.103599486378,"ppmv CO2"
"exp3",1860,"CO2_concentration",287.328656083111,"ppmv CO2"
"exp3",1861,"CO2_concentration",287.558682815845,"ppmv CO2"
"exp3",1862,"CO2_concentration",287.787305515877,"ppmv CO2"
"exp3",1863,"CO2_concentration",287.929297998412,"ppmv CO2"
"exp3",1864,"CO2_concentration",288.05702846451,"ppmv CO2"
"exp3",1865,"CO2_concentration",288.21459510792,"ppmv CO2"
"exp3",1866,"CO2_concentration",288.397733186615,"ppmv CO2"
"exp3",1867,"CO2_concentration",288.592241336273,"ppmv CO2"
"exp3",1868,"CO2_concentration",288.79024298259,"ppmv CO2"
"exp3",1869,"CO2_concentration",288.984601545148,"ppmv CO2"
"exp3",1870,"CO2_concentration",289.176533687864,"ppmv CO2"
"exp3",1871,"CO2_concentration",289.363596314995,"ppmv CO2"
"exp3",1872,"CO2_concentration",289.558411478763,"ppmv CO2"
"exp3",1873,"CO2_concentration",289.796076446574,"ppmv CO2"
"exp3",1874,"CO2_concentration",290.011602925774,"ppmv CO2"
"exp3",1875,"CO2_concentration",290.211467976337,"ppmv CO2"
"exp3",1876,"CO2_concentration",290.415159503629,"ppmv CO2"
"exp3",1877,"CO2_concentration",290.616583393209,"ppmv CO2"
"exp3",1878,"CO2_concentration",290.817490492978,"ppmv CO2"
"exp3",1879,"CO2_concentration",291.016438263961,"ppmv CO2"
"exp3",1880,"CO2_concentration",291.21670749585,"ppmv CO2"
"exp3",1881,"CO2_concentration",291.420070640202,"ppmv CO2"
"exp3",1882,"CO2_concentration",291.631399808491,"ppmv CO2"
"exp3",1883,"CO2_concentration",291.817925794865,"ppmv CO2"
"exp3",1884,"CO2_concentration",291.973115258269,"ppmv CO2"
"exp3",1885,"CO2_concentration",291.993050905749,"ppmv CO2"
"exp3",1886,"CO2_concentration",292.01222651525,"ppmv CO2"
"exp3",1887,"CO2_concentration",292.116662019547,"ppmv CO2"
"exp3",1888,"CO2_concentration",292.276994356706,"ppmv CO2"
"exp3",1889,"CO2_concentration",292.476956079906,"ppmv CO2"
"exp3",1890,"CO2_concentration",292.690695053371,"ppmv CO2"
"exp3",1891,"CO2_concentration",292.908583166038,"ppmv CO2"
"exp3",1892,"CO2_concentration",293.109985510702,"ppmv CO2"
"exp3",1893,"CO2_concentration",293.316468910639,"ppmv CO2"
"exp3",1894,"CO2_concentration",293.530815705532,"ppmv CO2"
"exp3",1895,"CO2_concentration",293.76203688446,"ppmv CO2"
"exp3",1896,"CO2_concentration",294.002254801268,"ppmv CO2"
"exp3",1897,"CO2_concentration",294.244263455729,"ppmv CO2"
"exp3",1898,"CO2_concentration",294.489909637939,"ppmv CO2"
"exp3",1899,"CO2_concentration",294.740177075248,"ppmv CO2"
"exp3",1900,"CO2_concentration",295.00141539686,"ppmv CO2"
"exp3",1901,"CO2_concentration",295.267008451854,"ppmv CO2"
"exp3",1902,"CO2_concentration",295.563282341641,"ppmv CO2"
"exp3",1903,"CO2_concentration",295.852565535032,"ppmv CO2"
"exp3",1904,"CO2_concentration",296.108013645206,"ppmv CO2"
"exp3",1905,"CO2_concentration",296.358341864445,"ppmv CO2"
"exp3",1906,"CO2_concentration",296.672164974184,"ppmv CO2"
"exp3",1907,"CO2_concentration",297.025027624067,"ppmv CO2"
"exp3",1908,"CO2_concentration",297.407343614359,"ppmv CO2"
"exp3",1909,"CO2_concentration",297.767374087594,"ppmv CO2"
"exp3",1910,"CO2_concentration",298.135307230125,"ppmv CO2"
"exp3",1911,"CO2_concentration",298.510224845164,"ppmv CO2"
"exp3",1912,"CO2_concentration",298.851281136091,"ppmv CO2"
"exp3",1913,"CO2_concentration",299.150520690634,"ppmv CO2"
"exp3",1914,"CO2_concentration",299.427669314758,"ppmv CO2"
"exp3",1915,"CO2_concentration",299.668353514128,"ppmv CO2"
"exp3",1916,"CO2_concentration",299.92128563096,"ppmv CO2"
"exp3",1917,"CO2_concentration",300.211143433574,"ppmv CO2"
"exp3",1918,"CO2_concentration",300.510214798998,"ppmv CO2"
"exp3",1919,"CO2_concentration",300.796943504364,"ppmv CO2"
"exp3",1920,"CO2_concentration",301.032551650614,"ppmv CO2"
"exp3",1921,"CO2_concentration",301.321513871011,"ppmv CO2"
"exp3",1922,"CO2_concentration",301.575363557823,"ppmv CO2"
"exp3",1923,"CO2_concentration",301.837950433729,"ppmv CO2"
"exp3",1924,"CO2_concentration",302.141719623313,"ppmv CO2"
"exp3",1925,"CO2_concentration",302.443990309537,"ppmv CO2"
"exp3",1926,"CO2_concentration",302.747436168467,"ppmv CO2"
"exp3",1927,"CO2_concentration",303.038815697317,"ppmv CO2"
"exp3",1928,"CO2_concentration",303.384501977769,"ppmv CO2"
"exp3",1929,"CO2_concentration",303.717230036252,"ppmv CO2"
"exp3",1930,"CO2_concentration",304.073848626641,"ppmv CO2"
"exp3",1931,"CO2_concentration",304.41701749841,"ppmv CO2"
"exp3",1932,"CO2_concentration",304.720520122953,"ppmv CO2"
"exp3",1933,"CO2_concentration",304.932994486116,"ppmv CO2"
"exp3",1934,"CO2_concentration",305.167852567303,"ppmv CO2"
"exp3",1935,"CO2_concentration",305.433044523424,"ppmv CO2"
"exp3",1936,"CO2_concentration",305.713392198871,"ppmv CO2"
"exp3",1937,"CO2_concentration",306.032131711883,"ppmv CO2"
"exp3",1938,"CO2_concentration",306.362855601957,"ppmv CO2"
"exp3",1939,"CO2_concentration",306.654314249085,"ppmv CO2"
"exp3",1940,"CO2_concentration",306.972210027357,"ppmv CO2"
"exp3",1941,"CO2_concentration",307.318165431962,"ppmv CO2"
"exp3",1942,"CO2_concentration",307.654262714558,"ppmv CO2"
"exp3",1943,"CO2_concentration",307.990161698656,"ppmv CO2"
"exp3",1944,"CO2_concentration",308.334597888144,"ppmv CO2"
"exp3",1945,"CO2_concentration",308.667249354329,"ppmv CO2"
"exp3",1946,"CO2_concentration",308.904671571942,"ppmv CO2"
"exp3",1947,"CO2_concentration",309.239344589442,"ppmv CO2"
"exp3",1948,"CO2_concentration",309.64770653116,"ppmv CO2"
"exp3",1949,"CO2_concentration",310.083269471949,"ppmv CO2"
"exp3",1950,"CO2_concentration",310.495629260812,"ppmv CO2"
"exp3",1951,"CO2_concentration",310.981372930536,"ppmv CO2"
"exp3",1952,"CO2_concentration",311.60065935531,"ppmv CO2"
"exp3",1953,"CO2_concentration",312.219361514745,"ppmv CO2"
"exp3",1954,"CO2_concentration",312.837755397781,"ppmv CO2"
"exp3",1955,"CO2_concentration",313.48258027533,"ppmv CO2"
"exp3",1956,"CO2_concentration",314.207262424537,"ppmv CO2"
"exp3",1957,"CO2_concentration",314.994825505266,"ppmv CO2"
"exp3",1958,"CO2_concentration",315.80362966794,"ppmv CO2"
"exp3",1959,"CO2_concentration",316.64335278264,"ppmv CO2"
"exp3",1960,"CO2_concentration",317.49020242529,"ppmv CO2"
"exp3",1961,"CO2_concentration",318.358287257156,"ppmv CO2"
"exp3",1962,"CO2_concentration",319.230330057252,"ppmv CO2"
"exp3",1963,"CO2_concentration",320.104115099128,"ppmv CO2"
"exp3",1964,"CO2_concentration",320.961659631354,"ppmv CO2"
"exp3",1965,"CO2_concentration",321.821123232902,"ppmv CO2"
"exp3",1966,"CO2_concentration",322.753659223463,"ppmv CO2"
"exp3",1967,"CO2_concentration",323.776815044844,"ppmv CO2"
"exp3",1968,"CO2_concentration",324.857860663205,"ppmv CO2"
"exp3",1969,"CO2_concentration",325.979617148198,"ppmv CO2"
"exp3",1970,"CO2_concentration",327.175521490817,"ppmv CO2"
"exp3",1971,"CO2_concentration",328.447432888474,"ppmv CO2"
"exp3",1972,"CO2_concentration",329.69555087425,"ppmv CO2"
"exp3",1973,"CO2_concentration",330.956963187737,"ppmv CO2"
"exp3",1974,"CO2_concentration",332.307733151872,"ppmv CO2"
"exp3",1975,"CO2_concentration",333.594641113904,"ppmv CO2"
"exp3",1976,"CO2_concentration",334.824960201831,"ppmv CO2"
"exp3",1977,"CO2_concentration",336.152272380776,"ppmv CO2"
"exp3",1978,"CO2_concentration",337.547589116718,"ppmv CO2"
"exp3",1979,"CO2_concentration",338.988701059974,"ppmv CO2"
"exp3",1980,"CO2_concentration",340.439990510387,"ppmv CO2"
"exp3",1981,"CO2_concentration",341.811678379528,"ppmv CO2"
"exp3",1982,"CO2_concentration",343.106024935432,"ppmv CO2"
"exp3",1983,"CO2_concentration",344.332043241746,"ppmv CO2"
"exp3",1984,"CO2_concentration",345.566026892764,"ppmv CO2"
"exp3",1985,"CO2_concentration",346.845692957724,"ppmv CO2"
"exp3",1986,"CO2_concentration",348.180544258696,"ppmv CO2"
"exp3",1987,"CO2_concentration",349.574516270148,"ppmv CO2"
"exp3",1988,"CO2_concentration",351.016588038895,"ppmv CO2"
"exp3",1989,"CO2_concentration",352.525509272098,"ppmv CO2"
"exp3",1990,"CO2_concentration",354.054461604961,"ppmv CO2"
"exp3",1991,"CO2_concentration",355.507188060393,"ppmv CO2"
"exp3",1992,"CO2_concentration",356.978212107614,"ppmv CO2"
"exp3",1993,"CO2_concentration",358.279657966191,"ppmv CO2"
"exp3",1994,"CO2_concentration",359.482545327212,"ppmv CO2"
"exp3",1995,"CO2_concentration",360.79007520632,"ppmv CO2"
"exp3",1996,"CO2_concentration",362.227665258343,"ppmv CO2"
"exp3",1997,"CO2_concentration",363.753610575007,"ppmv CO2"
"exp3",1998,"CO2_concentration",365.655401055694,"ppmv CO2"
"exp3",1999,"CO2_concentration",367.286254292004,"ppmv CO2"
"exp3",2000,"CO2_concentration",368.872308613105,"ppmv CO2"
"exp3",2001,"CO2_concentration",370.543708288046,"ppmv CO2"
"exp3",2002,"CO2_concentration",372.14344749896,"ppmv CO2"
"exp3",2003,"CO2_concentration",373.852510824907,"ppmv CO2"
"exp3",2004,"CO2_concentration",375.619996737444,"ppmv CO2"
"exp3",2005,"CO2_concentration",377.609084587462,"ppmv CO2"
"exp3",2006,"CO2_concentration",379.694231514563,"ppmv CO2"
"exp3",2007,"CO2_concentration",381.897986507786,"ppmv CO2"
"exp3",2008,"CO2_concentration",384.165776494402,"ppmv CO2"
"exp3",2009,"CO2_concentration",386.302640768279,"ppmv CO2"
"exp3",2010,"CO2_concentration",388.394691749632,"ppmv CO2"
"exp3",2011,"CO2_concentration",390.712060810222,"ppmv CO2"
"exp3",2012,"CO2_concentration",393.145639675375,"ppmv CO2"
"exp3",2013,"CO2_concentration",395.635864266086,"ppmv CO2"
"exp3",2014,"CO2_concentration",398.206211111042,"ppmv CO2"
"exp3",2015,"CO2_concentration",400.854854340787,"ppmv CO2"
"exp3",1745,"gmst",-0.238080514918123,"relative to 1951-1980"
"exp3",1746,"gmst",-0.238080514918123,"relative to 1951-1980"
"exp3",1747,"gmst",-0.238080514918123,"relative to 1951-1980"
"exp3",1748,"gmst",-0.238080514918123,"relative to 1951-1980"
"exp3",1749,"gmst",-0.238080514918123,"relative to 1951-1980"
"exp3",1750,"gmst",-0.238080514918123,"relative to 1951-1980"
"exp3",1751,"gmst",-0.220426790097516,"relative to 1951-1980"
"exp3",1752,"gmst",-0.204115765374897,"relative to 1951-1980"
"exp3",1753,"gmst",-0.192407202660451,"relative to 1951-1980"
"exp3",1754,"gmst",-0.184209309479379,"relative to 1951-1980"
"exp3",1755,"gmst",-0.179517951778119,"relative to 1951-1980"
"exp3",1756,"gmst",-0.196373878611232,"relative to 1951-1980"
"exp3",1757,"gmst",-0.20033490722019,"relative to 1951-1980"
"exp3",1758,"gmst",-0.193240917802745,"relative to 1951-1980"
"exp3",1759,"gmst",-0.184412144317846,"relative to 1951-1980"
"exp3",1760,"gmst",-0.177241689942514,"relative to 1951-1980"
"exp3",1761,"gmst",-0.171068581156084,"relative to 1951-1980"
"exp3",1762,"gmst",-0.249223516485713,"relative to 1951-1980"
"exp3",1763,"gmst",-0.294025878084226,"relative to 1951-1980"
"exp3",1764,"gmst",-0.283501402492421,"relative to 1951-1980"
"exp3",1765,"gmst",-0.25828549013974,"relative to 1951-1980"
"exp3",1766,"gmst",-0.265116363754802,"relative to 1951-1980"
"exp3",1767,"gmst",-0.27989718134955,"relative to 1951-1980"
"exp3",1768,"gmst",-0.268611516679575,"relative to 1951-1980"
"exp3",1769,"gmst",-0.246759658630406,"relative to 1951-1980"
"exp3",1770,"gmst",-0.238484356355032,"relative to 1951-1980"
"exp3",1771,"gmst",-0.228377991857252,"relative to 1951-1980"
"exp3",1772,"gmst",-0.213497660952032,"relative to 1951-1980"
"exp3",1773,"gmst",-0.199364116847433,"relative to 1951-1980"
"exp3",1774,"gmst",-0.188879098492375,"relative to 1951-1980"
"exp3",1775,"gmst",-0.17989114412821,"relative to 1951-1980"
"exp3",1776,"gmst",-0.172199958955329,"relative to 1951-1980"
"exp3",1777,"gmst",-0.166216480811618,"relative to 1951-1980"
"exp3",1778,"gmst",-0.161671266737838,"relative to 1951-1980"
"exp3",1779,"gmst",-0.157456785771169,"relative to 1951-1980"
"exp3",1780,"gmst",-0.154522488648555,"relative to 1951-1980"
"exp3",1781,"gmst",-0.151486332858707,"relative to 1951-1980"
"exp3",1782,"gmst",-0.148643379309286,"relative to 1951-1980"
"exp3",1783,"gmst",-0.311144747998567,"relative to 1951-1980"
"exp3",1784,"gmst",-0.629654758753646,"relative to 1951-1980"
"exp3",1785,"gmst",-0.691830847662399,"relative to 1951-1980"
"exp3",1786,"gmst",-0.62831706002723,"relative to 1951-1980"
"exp3",1787,"gmst",-0.541353735244574,"relative to 1951-1980"
"exp3",1788,"gmst",-0.461502931022433,"relative to 1951-1980"
"exp3",1789,"gmst",-0.396779538286408,"relative to 1951-1980"
"exp3",1790,"gmst",-0.347161785474013,"relative to 1951-1980"
"exp3",1791,"gmst",-0.308612188801518,"relative to 1951-1980"
"exp3",1792,"gmst",-0.278452805881637,"relative to 1951-1980"
"exp3",1793,"gmst",-0.254941456073818,"relative to 1951-1980"
"exp3",1794,"gmst",-0.237468100993697,"relative to 1951-1980"
"exp3",1795,"gmst",-0.22275617489303,"relative to 1951-1980"
"exp3",1796,"gmst",-0.222093986546574,"relative to 1951-1980"
"exp3",1797,"gmst",-0.231676761974024,"relative to 1951-1980"
"exp3",1798,"gmst",-0.229993452488371,"relative to 1951-1980"
"exp3",1799,"gmst",-0.218578451843092,"relative to 1951-1980"
"exp3",1800,"gmst",-0.206030810975981,"relative to 1951-1980"
"exp3",1801,"gmst",-0.194479277241975,"relative to 1951-1980"
"exp3",1802,"gmst",-0.184924166379835,"relative to 1951-1980"
"exp3",1803,"gmst",-0.176485836496245,"relative to 1951-1980"
"exp3",1804,"gmst",-0.168804958923254,"relative to 1951-1980"
"exp3",1805,"gmst",-0.163057130774359,"relative to 1951-1980"
"exp3",1806,"gmst",-0.157721276624467,"relative to 1951-1980"
"exp3",1807,"gmst",-0.153155193107187,"relative to 1951-1980"
"exp3",1808,"gmst",-0.14998344832043,"relative to 1951-1980"
"exp3",1809,"gmst",-0.473880071076543,"relative to 1951-1980"
"exp3",1810,"gmst",-0.667891165383687,"relative to 1951-1980"
"exp3",1811,"gmst",-0.643035011590324,"relative to 1951-1980"
"exp3",1812,"gmst",-0.55057060038046,"relative to 1951-1980"
"exp3",1813,"gmst",-0.462281546416858,"relative to 1951-1980"
"exp3",1814,"gmst",-0.393295173333415,"relative to 1951-1980"
"exp3",1815,"gmst",-0.664423986790629,"relative to 1951-1980"
"exp3",1816,"gmst",-1.00697015925712,"relative to 1951-1980"
"exp3",1817,"gmst",-1.0110633175897,"relative to 1951-1980"
"exp3",1818,"gmst",-0.871523088722759,"relative to 1951-1980"
"exp3",1819,"gmst",-0.726243451317675,"relative to 1951-1980"
"exp3",1820,"gmst",-0.608472269363036,"relative to 1951-1980"
"exp3",1821,"gmst",-0.527310465254209,"relative to 1951-1980"
"exp3",1822,"gmst",-0.467565992538841,"relative to 1951-1980"
"exp3",1823,"gmst",-0.452076950806802,"relative to 1951-1980"
"exp3",1824,"gmst",-0.420874354598563,"relative to 1951-1980"
"exp3",1825,"gmst",-0.37941347453367,"relative to 1951-1980"
"exp3",1826,"gmst",-0.340233579816432,"relative to 1951-1980"
"exp3",1827,"gmst",-0.307599758304038,"relative to 1951-1980"
"exp3",1828,"gmst",-0.282007789612972,"relative to 1951-1980"
"exp3",1829,"gmst",-0.260565877569128,"relative to 1951-1980"
"exp3",1830,"gmst",-0.24283630272227,"relative to 1951-1980"
"exp3",1831,"gmst",-0.45094535380787,"relative to 1951-1980"
"exp3",1832,"gmst",-0.569486139074587,"relative to 1951-1980"
"exp3",1833,"gmst",-0.542538152356203,"relative to 1951-1980"
"exp3",1834,"gmst",-0.473072168609981,"relative to 1951-1980"
"exp3",1835,"gmst",-0.570652687532616,"relative to 1951-1980"
"exp3",1836,"gmst",-0.614153341909832,"relative to 1951-1980"
"exp3",1837,"gmst",-0.561776908848068,"relative to 1951-1980"
"exp3",1838,"gmst",-0.486134996440437,"relative to 1951-1980"
"exp3",1839,"gmst",-0.418921360311371,"relative to 1951-1980"
"exp3",1840,"gmst",-0.365611207361654,"relative to 1951-1980"
"exp3",1841,"gmst",-0.324142890062382,"relative to 1951-1980"
"exp3",1842,"gmst",-0.291447717766425,"relative to 1951-1980"
"exp3",1843,"gmst",-0.264532468174402,"relative to 1951-1980"
"exp3",1844,"gmst",-0.242112199894671,"relative to 1951-1980"
"exp3",1845,"gmst",-0.22427247848634,"relative to 1951-1980"
"exp3",1846,"gmst",-0.225445232358161,"relative to 1951-1980"
"exp3",1847,"gmst",-0.222385864693709,"relative to 1951-1980"
"exp3",1848,"gmst",-0.210860746478057,"relative to 1951-1980"
"exp3",1849,"gmst",-0.196792221759418,"relative to 1951-1980"
"exp3",1850,"gmst",-0.184041977486772,"relative to 1951-1980"
"exp3",1851,"gmst",-0.172026048753463,"relative to 1951-1980"
"exp3",1852,"gmst",-0.16160828343201,"relative to 1951-1980"
"exp3",1853,"gmst",-0.167871006614295,"relative to 1951-1980"
"exp3",1854,"gmst",-0.177649879234726,"relative to 1951-1980"
"exp3",1855,"gmst",-0.171484918484668,"relative to 1951-1980"
"exp3",1856,"gmst",-0.163033059955086,"relative to 1951-1980"
"exp3",1857,"gmst",-0.171620351681127,"relative to 1951-1980"
"exp3",1858,"gmst",-0.167682682373811,"relative to 1951-1980"
"exp3",1859,"gmst",-0.155601512689523,"relative to 1951-1980"
"exp3",1860,"gmst",-0.143215666715658,"relative to 1951-1980"
"exp3",1861,"gmst",-0.138271737577829,"relative to 1951-1980"
"exp3",1862,"gmst",-0.202680555847184,"relative to 1951-1980"
"exp3",1863,"gmst",-0.225867996433648,"relative to 1951-1980"
"exp3",1864,"gmst",-0.208242768160809,"relative to 1951-1980"
"exp3",1865,"gmst",-0.182527872712124,"relative to 1951-1980"
"exp3",1866,"gmst",-0.15913964021026,"relative to 1951-1980"
"exp3",1867,"gmst",-0.140820722748492,"relative to 1951-1980"
"exp3",1868,"gmst",-0.127019140675219,"relative to 1951-1980"
"exp3",1869,"gmst",-0.115326342046413,"relative to 1951-1980"
"exp3",1870,"gmst",-0.106113008532501,"relative to 1951-1980"
"exp3",1871,"gmst",-0.0976751641320723,"relative to 1951-1980"
"exp3",1872,"gmst",-0.0901808761623652,"relative to 1951-1980"
"exp3",1873,"gmst",-0.103634001873572,"relative to 1951-1980"
"exp3",1874,"gmst",-0.105269885581296,"relative to 1951-1980"
"exp3",1875,"gmst",-0.101225195617914,"relative to 1951-1980"
"exp3",1876,"gmst",-0.0968606935891367,"relative to 1951-1980"
"exp3",1877,"gmst",-0.0894208750634428,"relative to 1951-1980"
"exp3",1878,"gmst",-0.0814463059789684,"relative to 1951-1980"
"exp3",1879,"gmst",-0.0751550098692407,"relative to 1951-1980"
"exp3",1880,"gmst",-0.073623826757144,"relative to 1951-1980"
"exp3",1881,"gmst",-0.0726367052802687,"relative to 1951-1980"
"exp3",1882,"gmst",-0.0675819390508411,"relative to 1951-1980"
"exp3",1883,"gmst",-0.109340744576436,"relative to 1951-1980"
"exp3",1884,"gmst",-0.284709371469898,"relative to 1951-1980"
"exp3",1885,"gmst",-0.327286076668295,"relative to 1951-1980"
"exp3",1886,"gmst",-0.288129714969458,"relative to 1951-1980"
"exp3",1887,"gmst",-0.249433687272209,"relative to 1951-1980"
"exp3",1888,"gmst",-0.209589890312816,"relative to 1951-1980"
"exp3",1889,"gmst",-0.173755258099013,"relative to 1951-1980"
"exp3",1890,"gmst",-0.158384156154806,"relative to 1951-1980"
"exp3",1891,"gmst",-0.163763871257216,"relative to 1951-1980"
"exp3",1892,"gmst",-0.152197583315445,"relative to 1951-1980"
"exp3",1893,"gmst",-0.129891421878504,"relative to 1951-1980"
"exp3",1894,"gmst",-0.112027356881825,"relative to 1951-1980"
"exp3",1895,"gmst",-0.0982848746569707,"relative to 1951-1980"
"exp3",1896,"gmst",-0.0871929851646595,"relative to 1951-1980"
"exp3",1897,"gmst",-0.07891814089278,"relative to 1951-1980"
"exp3",1898,"gmst",-0.07233065044205,"relative to 1951-1980"
"exp3",1899,"gmst",-0.0683209561256585,"relative to 1951-1980"
"exp3",1900,"gmst",-0.0651158745780442,"relative to 1951-1980"
"exp3",1901,"gmst",-0.061753958781225,"relative to 1951-1980"
"exp3",1902,"gmst",-0.0678381647525262,"relative to 1951-1980"
"exp3",1903,"gmst",-0.147410911462202,"relative to 1951-1980"
"exp3",1904,"gmst",-0.176944310804667,"relative to 1951-1980"
"exp3",1905,"gmst",-0.160175641871148,"relative to 1951-1980"
"exp3",1906,"gmst",-0.135078218208277,"relative to 1951-1980"
"exp3",1907,"gmst",-0.129011925876258,"relative to 1951-1980"
"exp3",1908,"gmst",-0.11934975765001,"relative to 1951-1980"
"exp3",1909,"gmst",-0.104678358893568,"relative to 1951-1980"
"exp3",1910,"gmst",-0.0938095887695145,"relative to 1951-1980"
"exp3",1911,"gmst",-0.0841323684706789,"relative to 1951-1980"
"exp3",1912,"gmst",-0.116889372752233,"relative to 1951-1980"
"exp3",1913,"gmst",-0.154276199185963,"relative to 1951-1980"
"exp3",1914,"gmst",-0.149481779082335,"relative to 1951-1980"
"exp3",1915,"gmst",-0.125973404917042,"relative to 1951-1980"
"exp3",1916,"gmst",-0.106336821866648,"relative to 1951-1980"
"exp3",1917,"gmst",-0.092796908480936,"relative to 1951-1980"
"exp3",1918,"gmst",-0.0819294350596855,"relative to 1951-1980"
"exp3",1919,"gmst",-0.0680150527429728,"relative to 1951-1980"
"exp3",1920,"gmst",-0.058503434539178,"relative to 1951-1980"
"exp3",1921,"gmst",-0.0450729742632782,"relative to 1951-1980"
"exp3",1922,"gmst",-0.0430783827644017,"relative to 1951-1980"
"exp3",1923,"gmst",-0.0443566792604438,"relative to 1951-1980"
"exp3",1924,"gmst",-0.0369262905801176,"relative to 1951-1980"
"exp3",1925,"gmst",-0.0293272251872336,"relative to 1951-1980"
"exp3",1926,"gmst",-0.023013361239061,"relative to 1951-1980"
"exp3",1927,"gmst",-0.0196330360475643,"relative to 1951-1980"
"exp3",1928,"gmst",-0.0184489095135444,"relative to 1951-1980"
"exp3",1929,"gmst",-0.0334385092585363,"relative to 1951-1980"
"exp3",1930,"gmst",-0.0281935973768256,"relative to 1951-1980"
"exp3",1931,"gmst",-0.0138393999359074,"relative to 1951-1980"
"exp3",1932,"gmst",-0.0114225205837291,"relative to 1951-1980"
"exp3",1933,"gmst",-0.00194606536309871,"relative to 1951-1980"
"exp3",1934,"gmst",0.00740199923525339,"relative to 1951-1980"
"exp3",1935,"gmst",0.0131617168721272,"relative to 1951-1980"
"exp3",1936,"gmst",0.0152630042127324,"relative to 1951-1980"
"exp3",1937,"gmst",0.0154035989429639,"relative to 1951-1980"
"exp3",1938,"gmst",0.0200113520757095,"relative to 1951-1980"
"exp3",1939,"gmst",0.0221355970101468,"relative to 1951-1980"
"exp3",1940,"gmst",0.0214835467055843,"relative to 1951-1980"
"exp3",1941,"gmst",0.020526940757877,"relative to 1951-1980"
"exp3",1942,"gmst",0.0192845485764893,"relative to 1951-1980"
"exp3",1943,"gmst",0.0194368008551716,"relative to 1951-1980"
"exp3",1944,"gmst",0.0216288527066194,"relative to 1951-1980"
"exp3",1945,"gmst",0.0300822313928784,"relative to 1951-1980"
"exp3",1946,"gmst",0.0393181042139183,"relative to 1951-1980"
"exp3",1947,"gmst",0.0429991332906256,"relative to 1951-1980"
"exp3",1948,"gmst",0.0443940006153061,"relative to 1951-1980"
"exp3",1949,"gmst",0.0472518186326907,"relative to 1951-1980"
"exp3",1950,"gmst",0.0454053737096185,"relative to 1951-1980"
"exp3",1951,"gmst",0.0448805234917594,"relative to 1951-1980"
"exp3",1952,"gmst",0.0449833599004585,"relative to 1951-1980"
"exp3",1953,"gmst",0.0453284185581809,"relative to 1951-1980"
"exp3",1954,"gmst",0.0474365820458967,"relative to 1951-1980"
"exp3",1955,"gmst",0.0471542445206997,"relative to 1951-1980"
"exp3",1956,"gmst",0.044136986327806,"relative to 1951-1980"
"exp3",1957,"gmst",0.0404336755969524,"relative to 1951-1980"
"exp3",1958,"gmst",0.0413533071090632,"relative to 1951-1980"
"exp3",1959,"gmst",0.0423017503740082,"relative to 1951-1980"
"exp3",1960,"gmst",0.0429836072601171,"relative to 1951-1980"
"exp3",1961,"gmst",0.0342677912000824,"relative to 1951-1980"
"exp3",1962,"gmst",0.0144556895802483,"relative to 1951-1980"
"exp3",1963,"gmst",-0.0711378362835706,"relative to 1951-1980"
"exp3",1964,"gmst",-0.133615200932728,"relative to 1951-1980"
"exp3",1965,"gmst",-0.146378730588937,"relative to 1951-1980"
"exp3",1966,"gmst",-0.113054077788581,"relative to 1951-1980"
"exp3",1967,"gmst",-0.0991052075090219,"relative to 1951-1980"
"exp3",1968,"gmst",-0.0843855198595254,"relative to 1951-1980"
"exp3",1969,"gmst",-0.0630987407173216,"relative to 1951-1980"
"exp3",1970,"gmst",-0.0466717119150292,"relative to 1951-1980"
"exp3",1971,"gmst",-0.0408119362234345,"relative to 1951-1980"
"exp3",1972,"gmst",-0.0301406661774296,"relative to 1951-1980"
"exp3",1973,"gmst",-0.00844508485641424,"relative to 1951-1980"
"exp3",1974,"gmst",0.0102816523273964,"relative to 1951-1980"
"exp3",1975,"gmst",0.00242278896420703,"relative to 1951-1980"
"exp3",1976,"gmst",0.0155678029933758,"relative to 1951-1980"
"exp3",1977,"gmst",0.0416678019066526,"relative to 1951-1980"
"exp3",1978,"gmst",0.0694780112792395,"relative to 1951-1980"
"exp3",1979,"gmst",0.0939824656560142,"relative to 1951-1980"
"exp3",1980,"gmst",0.113728253759834,"relative to 1951-1980"
"exp3",1981,"gmst",0.133458104033709,"relative to 1951-1980"
"exp3",1982,"gmst",0.13043439286038,"relative to 1951-1980"
"exp3",1983,"gmst",0.0870615033303432,"relative to 1951-1980"
"exp3",1984,"gmst",0.0939800974302007,"relative to 1951-1980"
"exp3",1985,"gmst",0.130953062118406,"relative to 1951-1980"
"exp3",1986,"gmst",0.167255234201198,"relative to 1951-1980"
"exp3",1987,"gmst",0.202184951674294,"relative to 1951-1980"
"exp3",1988,"gmst",0.238865025217005,"relative to 1951-1980"
"exp3",1989,"gmst",0.276233857884975,"relative to 1951-1980"
"exp3",1990,"gmst",0.30932452437146,"relative to 1951-1980"
"exp3",1991,"gmst",0.281452438541637,"relative to 1951-1980"
"exp3",1992,"gmst",0.15127494439145,"relative to 1951-1980"
"exp3",1993,"gmst",0.124026627871719,"relative to 1951-1980"
"exp3",1994,"gmst",0.186420678521208,"relative to 1951-1980"
"exp3",1995,"gmst",0.265872412115513,"relative to 1951-1980"
"exp3",1996,"gmst",0.337224643688658,"relative to 1951-1980"
"exp3",1997,"gmst",0.385134201611369,"relative to 1951-1980"
"exp3",1998,"gmst",0.427261779667,"relative to 1951-1980"
"exp3",1999,"gmst",0.476727267275286,"relative to 1951-1980"
"exp3",2000,"gmst",0.523074952942885,"relative to 1951-1980"
"exp3",2001,"gmst",0.562462469936796,"relative to 1951-1980"
"exp3",2002,"gmst",0.590596490146949,"relative to 1951-1980"
"exp3",2003,"gmst",0.612061976840361,"relative to 1951-1980"
"exp3",2004,"gmst",0.634915803411971,"relative to 1951-1980"
"exp3",2005,"gmst",0.653464712372332,"relative to 1951-1980"
"exp3",2006,"gmst",0.667505786277184,"relative to 1951-1980"
"exp3",2007,"gmst",0.687453084877764,"relative to 1951-1980"
"exp3",2008,"gmst",0.713741936374251,"relative to 1951-1980"
"exp3",2009,"gmst",0.740416695108944,"relative to 1951-1980"
"exp3",2010,"gmst",0.767988969068479,"relative to 1951-1980"
"exp3",2011,"gmst",0.793926027221385,"relative to 1951-1980"
"exp3",2012,"gmst",0.818960585201735,"relative to 1951-1980"
"exp3",2013,"gmst",0.849196047979945,"relative to 1951-1980"
"exp3",2014,"gmst",0.874231189305278,"relative to 1951-1980"
"exp3",2015,"gmst",0.908481411098867,"relative to 1951-1980"
"exp3",1745,"OHC",-358.127808002922,"2005-2014 base period"
"exp3",1746,"OHC",-358.127808002922,"2005-2014 base period"
"exp3",1747,"OHC",-358.127808002922,"2005-2014 base period"
"exp3",1748,"OHC",-358.127808002922,"2005-2014 base period"
"exp3",1749,"OHC",-358.127808002922,"2005-2014 base period"
"exp3",1750,"OHC",-358.127808002922,"2005-2014 base period"
"exp3",1751,"OHC",-356.807036216009,"2005-2014 base period"
"exp3",1752,"OHC",-354.273405950667,"2005-2014 base period"
"exp3",1753,"OHC",-351.970678947778,"2005-2014 base period"
"exp3",1754,"OHC",-349.954453006656,"2005-2014 base period"
"exp3",1755,"OHC",-348.290078432216,"2005-2014 base period"
"exp3",1756,"OHC",-348.414967573024,"2005-2014 base period"
"exp3",1757,"OHC",-349.160187591374,"2005-2014 base period"
"exp3",1758,"OHC",-348.377797959513,"2005-2014 base period"
"exp3",1759,"OHC",-346.879836893763,"2005-2014 base period"
"exp3",1760,"OHC",-345.288124109874,"2005-2014 base period"
"exp3",1761,"OHC",-343.741181171129,"2005-2014 base period"
"exp3",1762,"OHC",-348.469993254344,"2005-2014 base period"
"exp3",1763,"OHC",-356.910084169204,"2005-2014 base period"
"exp3",1764,"OHC",-359.692115493824,"2005-2014 base period"
"exp3",1765,"OHC",-358.400266886662,"2005-2014 base period"
"exp3",1766,"OHC",-358.26747109191,"2005-2014 base period"
"exp3",1767,"OHC",-360.47080454877,"2005-2014 base period"
"exp3",1768,"OHC",-361.150177603341,"2005-2014 base period"
"exp3",1769,"OHC",-359.352589613129,"2005-2014 base period"
"exp3",1770,"OHC",-357.684499362051,"2005-2014 base period"
"exp3",1771,"OHC",-356.451161885576,"2005-2014 base period"
"exp3",1772,"OHC",-354.480860167705,"2005-2014 base period"
"exp3",1773,"OHC",-352.104682127282,"2005-2014 base period"
"exp3",1774,"OHC",-349.85194623086,"2005-2014 base period"
"exp3",1775,"OHC",-347.774851347583,"2005-2014 base period"
"exp3",1776,"OHC",-345.776214861044,"2005-2014 base period"
"exp3",1777,"OHC",-343.924867086216,"2005-2014 base period"
"exp3",1778,"OHC",-342.251597875689,"2005-2014 base period"
"exp3",1779,"OHC",-340.680657334782,"2005-2014 base period"
"exp3",1780,"OHC",-339.225055436736,"2005-2014 base period"
"exp3",1781,"OHC",-337.857928056595,"2005-2014 base period"
"exp3",1782,"OHC",-336.507773892674,"2005-2014 base period"
"exp3",1783,"OHC",-347.555320561987,"2005-2014 base period"
"exp3",1784,"OHC",-382.581056724494,"2005-2014 base period"
"exp3",1785,"OHC",-412.037210779109,"2005-2014 base period"
"exp3",1786,"OHC",-418.041471090827,"2005-2014 base period"
"exp3",1787,"OHC",-415.167382447296,"2005-2014 base period"
"exp3",1788,"OHC",-409.109867311413,"2005-2014 base period"
"exp3",1789,"OHC",-402.39826498755,"2005-2014 base period"
"exp3",1790,"OHC",-396.087025891509,"2005-2014 base period"
"exp3",1791,"OHC",-390.42235108617,"2005-2014 base period"
"exp3",1792,"OHC",-385.355180101512,"2005-2014 base period"
"exp3",1793,"OHC",-380.863802931272,"2005-2014 base period"
"exp3",1794,"OHC",-376.967063902686,"2005-2014 base period"
"exp3",1795,"OHC",-373.508499643912,"2005-2014 base period"
"exp3",1796,"OHC",-371.192011999189,"2005-2014 base period"
"exp3",1797,"OHC",-370.626170425642,"2005-2014 base period"
"exp3",1798,"OHC",-370.080088491731,"2005-2014 base period"
"exp3",1799,"OHC",-368.27060350432,"2005-2014 base period"
"exp3",1800,"OHC",-365.817473219676,"2005-2014 base period"
"exp3",1801,"OHC",-363.256803979652,"2005-2014 base period"
"exp3",1802,"OHC",-360.762367147602,"2005-2014 base period"
"exp3",1803,"OHC",-358.379384863615,"2005-2014 base period"
"exp3",1804,"OHC",-356.058212548432,"2005-2014 base period"
"exp3",1805,"OHC",-353.891121257602,"2005-2014 base period"
"exp3",1806,"OHC",-351.864240271987,"2005-2014 base period"
"exp3",1807,"OHC",-349.91580829942,"2005-2014 base period"
"exp3",1808,"OHC",-348.133205056449,"2005-2014 base period"
"exp3",1809,"OHC",-370.930131921728,"2005-2014 base period"
"exp3",1810,"OHC",-408.364238547849,"2005-2014 base period"
"exp3",1811,"OHC",-423.73889550226,"2005-2014 base period"
"exp3",1812,"OHC",-422.421738158746,"2005-2014 base period"
"exp3",1813,"OHC",-415.973530497543,"2005-2014 base period"
"exp3",1814,"OHC",-408.770052691785,"2005-2014 base period"
"exp3",1815,"OHC",-426.275504379344,"2005-2014 base period"
"exp3",1816,"OHC",-472.954270037456,"2005-2014 base period"
"exp3",1817,"OHC",-502.603956997722,"2005-2014 base period"
"exp3",1818,"OHC",-502.592020542579,"2005-2014 base period"
"exp3",1819,"OHC",-492.650886031594,"2005-2014 base period"
"exp3",1820,"OHC",-480.815762089747,"2005-2014 base period"
"exp3",1821,"OHC",-470.309350066366,"2005-2014 base period"
"exp3",1822,"OHC",-461.683019401838,"2005-2014 base period"
"exp3",1823,"OHC",-456.498737476523,"2005-2014 base period"
"exp3",1824,"OHC",-452.619621772854,"2005-2014 base period"
"exp3",1825,"OHC",-446.669927268964,"2005-2014 base period"
"exp3",1826,"OHC",-440.087407025995,"2005-2014 base period"
"exp3",1827,"OHC",-433.717119360477,"2005-2014 base period"
"exp3",1828,"OHC",-427.918202454792,"2005-2014 base period"
"exp3",1829,"OHC",-422.642598079646,"2005-2014 base period"
"exp3",1830,"OHC",-417.779457359336,"2005-2014 base period"
"exp3",1831,"OHC",-429.998006839016,"2005-2014 base period"
"exp3",1832,"OHC",-452.271173519073,"2005-2014 base period"
"exp3",1833,"OHC",-459.682028231438,"2005-2014 base period"
"exp3",1834,"OHC",-456.220098385053,"2005-2014 base period"
"exp3",1835,"OHC",-461.790738074734,"2005-2014 base period"
"exp3",1836,"OHC",-474.076548401615,"2005-2014 base period"
"exp3",1837,"OHC",-475.71617514867,"2005-2014 base period"
"exp3",1838,"OHC",-469.803991048685,"2005-2014 base period"
"exp3",1839,"OHC",-461.95121294262,"2005-2014 base period"
"exp3",1840,"OHC",-454.155756253394,"2005-2014 base period"
"exp3",1841,"OHC",-446.991351904173,"2005-2014 base period"
"exp3",1842,"OHC",-440.504628265943,"2005-2014 base period"
"exp3",1843,"OHC",-434.568755025396,"2005-2014 base period"
"exp3",1844,"OHC",-429.07452426099,"2005-2014 base period"
"exp3",1845,"OHC",-424.055694726394,"2005-2014 base period"
"exp3",1846,"OHC",-420.673281835841,"2005-2014 base period"
"exp3",1847,"OHC",-418.32775217972,"2005-2014 base period"
"exp3",1848,"OHC",-415.212432602482,"2005-2014 base period"
"exp3",1849,"OHC",-411.508801377871,"2005-2014 base period"
"exp3",1850,"OHC",-407.718124583492,"2005-2014 base period"
"exp3",1851,"OHC",-403.986505711516,"2005-2014 base period"
"exp3",1852,"OHC",-400.350268821653,"2005-2014 base period"
"exp3",1853,"OHC",-398.028059107627,"2005-2014 base period"
"exp3",1854,"OHC",-397.177683363512,"2005-2014 base period"
"exp3",1855,"OHC",-395.573527201246,"2005-2014 base period"
"exp3",1856,"OHC",-392.938335184383,"2005-2014 base period"
"exp3",1857,"OHC",-391.485247027237,"2005-2014 base period"
"exp3",1858,"OHC",-390.264863240781,"2005-2014 base period"
"exp3",1859,"OHC",-387.64316866696,"2005-2014 base period"
"exp3",1860,"OHC",-384.506967688087,"2005-2014 base period"
"exp3",1861,"OHC",-381.761818693975,"2005-2014 base period"
"exp3",1862,"OHC",-384.59865971514,"2005-2014 base period"
"exp3",1863,"OHC",-389.471679213511,"2005-2014 base period"
"exp3",1864,"OHC",-389.088057566226,"2005-2014 base period"
"exp3",1865,"OHC",-385.881380353234,"2005-2014 base period"
"exp3",1866,"OHC",-381.965287886611,"2005-2014 base period"
"exp3",1867,"OHC",-378.050218384774,"2005-2014 base period"
"exp3",1868,"OHC",-374.41911386786,"2005-2014 base period"
"exp3",1869,"OHC",-371.001762489897,"2005-2014 base period"
"exp3",1870,"OHC",-367.770777583727,"2005-2014 base period"
"exp3",1871,"OHC",-364.690191280014,"2005-2014 base period"
"exp3",1872,"OHC",-361.685920190263,"2005-2014 base period"
"exp3",1873,"OHC",-360.290195657111,"2005-2014 base period"
"exp3",1874,"OHC",-359.547204824858,"2005-2014 base period"
"exp3",1875,"OHC",-357.733750525604,"2005-2014 base period"
"exp3",1876,"OHC",-355.702631383987,"2005-2014 base period"
"exp3",1877,"OHC",-353.39721881426,"2005-2014 base period"
"exp3",1878,"OHC",-350.7891205606,"2005-2014 base period"
"exp3",1879,"OHC",-348.206631108109,"2005-2014 base period"
"exp3",1880,"OHC",-346.021302668665,"2005-2014 base period"
"exp3",1881,"OHC",-344.180008717076,"2005-2014 base period"
"exp3",1882,"OHC",-342.100536098578,"2005-2014 base period"
"exp3",1883,"OHC",-343.283325747494,"2005-2014 base period"
"exp3",1884,"OHC",-357.941729303844,"2005-2014 base period"
"exp3",1885,"OHC",-373.132451056919,"2005-2014 base period"
"exp3",1886,"OHC",-374.806857531188,"2005-2014 base period"
"exp3",1887,"OHC",-372.010339407336,"2005-2014 base period"
"exp3",1888,"OHC",-368.163688708416,"2005-2014 base period"
"exp3",1889,"OHC",-363.383117181292,"2005-2014 base period"
"exp3",1890,"OHC",-359.596055012702,"2005-2014 base period"
"exp3",1891,"OHC",-358.196658829242,"2005-2014 base period"
"exp3",1892,"OHC",-356.761018449376,"2005-2014 base period"
"exp3",1893,"OHC",-353.38783386958,"2005-2014 base period"
"exp3",1894,"OHC",-349.564708539526,"2005-2014 base period"
"exp3",1895,"OHC",-346.066566137395,"2005-2014 base period"
"exp3",1896,"OHC",-342.798293419534,"2005-2014 base period"
"exp3",1897,"OHC",-339.793239284809,"2005-2014 base period"
"exp3",1898,"OHC",-337.040640310045,"2005-2014 base period"
"exp3",1899,"OHC",-334.570442629331,"2005-2014 base period"
"exp3",1900,"OHC",-332.348216252526,"2005-2014 base period"
"exp3",1901,"OHC",-330.200102390998,"2005-2014 base period"
"exp3",1902,"OHC",-328.78979612005,"2005-2014 base period"
"exp3",1903,"OHC",-333.610426051267,"2005-2014 base period"
"exp3",1904,"OHC",-340.287699430285,"2005-2014 base period"
"exp3",1905,"OHC",-340.859192809974,"2005-2014 base period"
"exp3",1906,"OHC",-338.296526507902,"2005-2014 base period"
"exp3",1907,"OHC",-336.21237442427,"2005-2014 base period"
"exp3",1908,"OHC",-334.664360562777,"2005-2014 base period"
"exp3",1909,"OHC",-332.205868469322,"2005-2014 base period"
"exp3",1910,"OHC",-329.560261107847,"2005-2014 base period"
"exp3",1911,"OHC",-327.065653780566,"2005-2014 base period"
"exp3",1912,"OHC",-327.657648167217,"2005-2014 base period"
"exp3",1913,"OHC",-331.648596454052,"2005-2014 base period"
"exp3",1914,"OHC",-333.24330681602,"2005-2014 base period"
"exp3",1915,"OHC",-331.067073247912,"2005-2014 base period"
"exp3",1916,"OHC",-327.885219167111,"2005-2014 base period"
"exp3",1917,"OHC",-324.962427572928,"2005-2014 base period"
"exp3",1918,"OHC",-322.26737261725,"2005-2014 base period"
"exp3",1919,"OHC",-319.313381211097,"2005-2014 base period"
"exp3",1920,"OHC",-316.331398722691,"2005-2014 base period"
"exp3",1921,"OHC",-313.236620220224,"2005-2014 base period"
"exp3",1922,"OHC",-310.592035201625,"2005-2014 base period"
"exp3",1923,"OHC",-308.93231548146,"2005-2014 base period"
"exp3",1924,"OHC",-306.85285961546,"2005-2014 base period"
"exp3",1925,"OHC",-304.241052355436,"2005-2014 base period"
"exp3",1926,"OHC",-301.710810484399,"2005-2014 base period"
"exp3",1927,"OHC",-299.410329936797,"2005-2014 base period"
"exp3",1928,"OHC",-297.449150149855,"2005-2014 base period"
"exp3",1929,"OHC",-296.863766024313,"2005-2014 base period"
"exp3",1930,"OHC",-296.014994158768,"2005-2014 base period"
"exp3",1931,"OHC",-293.224465187907,"2005-2014 base period"
"exp3",1932,"OHC",-290.748062254119,"2005-2014 base period"
"exp3",1933,"OHC",-288.400173682793,"2005-2014 base period"
"exp3",1934,"OHC",-285.45767979111,"2005-2014 base period"
"exp3",1935,"OHC",-282.752592661892,"2005-2014 base period"
"exp3",1936,"OHC",-280.463933241203,"2005-2014 base period"
"exp3",1937,"OHC",-278.548530403354,"2005-2014 base period"
"exp3",1938,"OHC",-276.471640011343,"2005-2014 base period"
"exp3",1939,"OHC",-274.314401512645,"2005-2014 base period"
"exp3",1940,"OHC",-272.558820819534,"2005-2014 base period"
"exp3",1941,"OHC",-271.02717793949,"2005-2014 base period"
"exp3",1942,"OHC",-269.598851176041,"2005-2014 base period"
"exp3",1943,"OHC",-268.157587053605,"2005-2014 base period"
"exp3",1944,"OHC",-266.521460656168,"2005-2014 base period"
"exp3",1945,"OHC",-264.30469914293,"2005-2014 base period"
"exp3",1946,"OHC",-261.562137530853,"2005-2014 base period"
"exp3",1947,"OHC",-259.087780501645,"2005-2014 base period"
"exp3",1948,"OHC",-257.063335594923,"2005-2014 base period"
"exp3",1949,"OHC",-255.057007966693,"2005-2014 base period"
"exp3",1950,"OHC",-253.329119750904,"2005-2014 base period"
"exp3",1951,"OHC",-251.869215467522,"2005-2014 base period"
"exp3",1952,"OHC",-250.317574270547,"2005-2014 base period"
"exp3",1953,"OHC",-248.773668955873,"2005-2014 base period"
"exp3",1954,"OHC",-247.112180397369,"2005-2014 base period"
"exp3",1955,"OHC",-245.523737567884,"2005-2014 base period"
"exp3",1956,"OHC",-244.318107968687,"2005-2014 base period"
"exp3",1957,"OHC",-243.383376641623,"2005-2014 base period"
"exp3",1958,"OHC",-242.226120830492,"2005-2014 base period"
"exp3",1959,"OHC",-240.811872172091,"2005-2014 base period"
"exp3",1960,"OHC",-239.43901159102,"2005-2014 base period"
"exp3",1961,"OHC",-238.77174071511,"2005-2014 base period"
"exp3",1962,"OHC",-239.635003519166,"2005-2014 base period"
"exp3",1963,"OHC",-246.362526528895,"2005-2014 base period"
"exp3",1964,"OHC",-256.571094043763,"2005-2014 base period"
"exp3",1965,"OHC",-262.485542442903,"2005-2014 base period"
"exp3",1966,"OHC",-262.509653915531,"2005-2014 base period"
"exp3",1967,"OHC",-260.721137191104,"2005-2014 base period"
"exp3",1968,"OHC",-259.594096309506,"2005-2014 base period"
"exp3",1969,"OHC",-257.271493416495,"2005-2014 base period"
"exp3",1970,"OHC",-254.529857715456,"2005-2014 base period"
"exp3",1971,"OHC",-252.548147872027,"2005-2014 base period"
"exp3",1972,"OHC",-250.664857616844,"2005-2014 base period"
"exp3",1973,"OHC",-247.487741101726,"2005-2014 base period"
"exp3",1974,"OHC",-243.623461359089,"2005-2014 base period"
"exp3",1975,"OHC",-241.684693875857,"2005-2014 base period"
"exp3",1976,"OHC",-239.852417649168,"2005-2014 base period"
"exp3",1977,"OHC",-235.586223713744,"2005-2014 base period"
"exp3",1978,"OHC",-230.261557149511,"2005-2014 base period"
"exp3",1979,"OHC",-224.681995412399,"2005-2014 base period"
"exp3",1980,"OHC",-219.29810647375,"2005-2014 base period"
"exp3",1981,"OHC",-213.952174645144,"2005-2014 base period"
"exp3",1982,"OHC",-210.107215092799,"2005-2014 base period"
"exp3",1983,"OHC",-210.81373572677,"2005-2014 base period"
"exp3",1984,"OHC",-210.868148296398,"2005-2014 base period"
"exp3",1985,"OHC",-205.691817141762,"2005-2014 base period"
"exp3",1986,"OHC",-198.6575573253,"2005-2014 base period"
"exp3",1987,"OHC",-191.185856469342,"2005-2014 base period"
"exp3",1988,"OHC",-183.060233634393,"2005-2014 base period"
"exp3",1989,"OHC",-174.279785928418,"2005-2014 base period"
"exp3",1990,"OHC",-165.330082826699,"2005-2014 base period"
"exp3",1991,"OHC",-160.836957465708,"2005-2014 base period"
"exp3",1992,"OHC",-168.1938553182,"2005-2014 base period"
"exp3",1993,"OHC",-175.915264451997,"2005-2014 base period"
"exp3",1994,"OHC",-171.384306292399,"2005-2014 base period"
"exp3",1995,"OHC",-160.209607998316,"2005-2014 base period"
"exp3",1996,"OHC",-147.346577701175,"2005-2014 base period"
"exp3",1997,"OHC",-135.286095002495,"2005-2014 base period"
"exp3",1998,"OHC",-124.189432586073,"2005-2014 base period"
"exp3",1999,"OHC",-112.285316802289,"2005-2014 base period"
"exp3",2000,"OHC",-99.6927673754597,"2005-2014 base period"
"exp3",2001,"OHC",-87.3993628655977,"2005-2014 base period"
"exp3",2002,"OHC",-76.0042965162247,"2005-2014 base period"
"exp3",2003,"OHC",-65.6357072017128,"2005-2014 base period"
"exp3",2004,"OHC",-55.5394682288041,"2005-2014 base period"
"exp3",2005,"OHC",-45.6851818209692,"2005-2014 base period"
"exp3",2006,"OHC",-36.4938558271224,"2005-2014 base period"
"exp3",2007,"OHC",-27.2039989468884,"2005-2014 base period"
"exp3",2008,"OHC",-17.0823875662133,"2005-2014 base period"
"exp3",2009,"OHC",-6.47057439357673,"2005-2014 base period"
"exp3",2010,"OHC",4.37661795979517,"2005-2014 base period"
"exp3",2011,"OHC",15.3441952971305,"2005-2014 base period"
"exp3",2012,"OHC",26.2888387964704,"2005-2014 base period"
"exp3",2013,"OHC",37.701263896159,"2005-2014 base period"
"exp3",2014,"OHC",49.2250826052149,"2005-2014 base period"
"exp3",2015,"OHC",61.2240533135239,"2005-2014 base period"
"exp3",1745,"CH4_concentration",731.41,"ppbv CH4"
"exp3",1746,"CH4_concentration",729.704874707434,"ppbv CH4"
"exp3",1747,"CH4_concentration",729.83208210746,"ppbv CH4"
"exp3",1748,"CH4_concentration",730.23309831236,"ppbv CH4"
"exp3",1749,"CH4_concentration",730.976984697958,"ppbv CH4"
"exp3",1750,"CH4_concentration",731.405995681312,"ppbv CH4"
"exp3",1751,"CH4_concentration",731.838165285077,"ppbv CH4"
"exp3",1752,"CH4_concentration",732.899973599209,"ppbv CH4"
"exp3",1753,"CH4_concentration",733.634043525918,"ppbv CH4"
"exp3",1754,"CH4_concentration",734.202088391106,"ppbv CH4"
"exp3",1755,"CH4_concentration",734.736322017302,"ppbv CH4"
"exp3",1756,"CH4_concentration",735.421542028611,"ppbv CH4"
"exp3",1757,"CH4_concentration",735.893925551494,"ppbv CH4"
"exp3",1758,"CH4_concentration",736.207828388883,"ppbv CH4"
"exp3",1759,"CH4_concentration",736.099679145141,"ppbv CH4"
"exp3",1760,"CH4_concentration",735.485014451944,"ppbv CH4"
"exp3",1761,"CH4_concentration",735.764062121151,"ppbv CH4"
"exp3",1762,"CH4_concentration",736.304495676115,"ppbv CH4"
"exp3",1763,"CH4_concentration",737.18294874598,"ppbv CH4"
"exp3",1764,"CH4_concentration",738.104807605699,"ppbv CH4"
"exp3",1765,"CH4_concentration",738.987633622302,"ppbv CH4"
"exp3",1766,"CH4_concentration",739.832544056972,"ppbv CH4"
"exp3",1767,"CH4_concentration",740.730317641527,"ppbv CH4"
"exp3",1768,"CH4_concentration",741.223276221011,"ppbv CH4"
"exp3",1769,"CH4_concentration",741.748165855822,"ppbv CH4"
"exp3",1770,"CH4_concentration",742.302035718923,"ppbv CH4"
"exp3",1771,"CH4_concentration",742.872098239469,"ppbv CH4"
"exp3",1772,"CH4_concentration",744.019820105526,"ppbv CH4"
"exp3",1773,"CH4_concentration",744.66376460285,"ppbv CH4"
"exp3",1774,"CH4_concentration",744.878798983478,"ppbv CH4"
"exp3",1775,"CH4_concentration",745.367816940357,"ppbv CH4"
"exp3",1776,"CH4_concentration",746.04898453192,"ppbv CH4"
"exp3",1777,"CH4_concentration",746.73817953675,"ppbv CH4"
"exp3",1778,"CH4_concentration",746.75288134094,"ppbv CH4"
"exp3",1779,"CH4_concentration",746.909587205263,"ppbv CH4"
"exp3",1780,"CH4_concentration",747.234498069687,"ppbv CH4"
"exp3",1781,"CH4_concentration",747.770500966247,"ppbv CH4"
"exp3",1782,"CH4_concentration",748.295529261354,"ppbv CH4"
"exp3",1783,"CH4_concentration",748.633695138071,"ppbv CH4"
"exp3",1784,"CH4_concentration",748.941917499232,"ppbv CH4"
"exp3",1785,"CH4_concentration",749.259258982196,"ppbv CH4"
"exp3",1786,"CH4_concentration",749.570584394191,"ppbv CH4"
"exp3",1787,"CH4_concentration",749.675124556186,"ppbv CH4"
"exp3",1788,"CH4_concentration",750.166549178148,"ppbv CH4"
"exp3",1789,"CH4_concentration",750.652107022446,"ppbv CH4"
"exp3",1790,"CH4_concentration",751.168664984303,"ppbv CH4"
"exp3",1791,"CH4_concentration",751.712287549309,"ppbv CH4"
"exp3",1792,"CH4_concentration",752.281888532689,"ppbv CH4"
"exp3",1793,"CH4_concentration",752.685611657518,"ppbv CH4"
"exp3",1794,"CH4_concentration",753.255287447388,"ppbv CH4"
"exp3",1795,"CH4_concentration",753.844031602424,"ppbv CH4"
"exp3",1796,"CH4_concentration",754.520766954091,"ppbv CH4"
"exp3",1797,"CH4_concentration",755.258575937624,"ppbv CH4"
"exp3",1798,"CH4_concentration",756.115344021559,"ppbv CH4"
"exp3",1799,"CH4_concentration",756.944151729082,"ppbv CH4"
"exp3",1800,"CH4_concentration",757.763978657762,"ppbv CH4"
"exp3",1801,"CH4_concentration",758.585845826385,"ppbv CH4"
"exp3",1802,"CH4_concentration",759.50879750907,"ppbv CH4"
"exp3",1803,"CH4_concentration",760.509887171057,"ppbv CH4"
"exp3",1804,"CH4_concentration",761.543250014632,"ppbv CH4"
"exp3",1805,"CH4_concentration",762.673828569047,"ppbv CH4"
"exp3",1806,"CH4_concentration",763.80277711981,"ppbv CH4"
"exp3",1807,"CH4_concentration",765.026916769965,"ppbv CH4"
"exp3",1808,"CH4_concentration",766.325330246425,"ppbv CH4"
"exp3",1809,"CH4_concentration",767.662945080246,"ppbv CH4"
"exp3",1810,"CH4_concentration",769.156650482787,"ppbv CH4"
"exp3",1811,"CH4_concentration",770.72773202906,"ppbv CH4"
"exp3",1812,"CH4_concentration",772.219943184593,"ppbv CH4"
"exp3",1813,"CH4_concentration",773.710938494856,"ppbv CH4"
"exp3",1814,"CH4_concentration",774.838186638034,"ppbv CH4"
"exp3",1815,"CH4_concentration",776.150163760014,"ppbv CH4"
"exp3",1816,"CH4_concentration",777.390381890221,"ppbv CH4"
"exp3",1817,"CH4_concentration",779.001326468768,"ppbv CH4"
"exp3",1818,"CH4_concentration",780.313402806084,"ppbv CH4"
"exp3",1819,"CH4_concentration",781.436453950097,"ppbv CH4"
"exp3",1820,"CH4_concentration",782.437523513588,"ppbv CH4"
"exp3",1821,"CH4_concentration",783.578609558634,"ppbv CH4"
"exp3",1822,"CH4_concentration",784.966560513019,"ppbv CH4"
"exp3",1823,"CH4_concentration",786.231599762712,"ppbv CH4"
"exp3",1824,"CH4_concentration",787.485610892349,"ppbv CH4"
"exp3",1825,"CH4_concentration",788.724607942498,"ppbv CH4"
"exp3",1826,"CH4_concentration",789.841595474651,"ppbv CH4"
"exp3",1827,"CH4_concentration",790.880642031418,"ppbv CH4"
"exp3",1828,"CH4_concentration",791.993589141827,"ppbv CH4"
"exp3",1829,"CH4_concentration",793.010609961517,"ppbv CH4"
"exp3",1830,"CH4_concentration",793.970554559701,"ppbv CH4"
"exp3",1831,"CH4_concentration",794.82058588603,"ppbv CH4"
"exp3",1832,"CH4_concentration",795.589479556201,"ppbv CH4"
"exp3",1833,"CH4_concentration",796.134588767358,"ppbv CH4"
"exp3",1834,"CH4_concentration",797.054488371686,"ppbv CH4"
"exp3",1835,"CH4_concentration",797.841394336568,"ppbv CH4"
"exp3",1836,"CH4_concentration",798.116412099617,"ppbv CH4"
"exp3",1837,"CH4_concentration",798.126352179714,"ppbv CH4"
"exp3",1838,"CH4_concentration",797.947356447882,"ppbv CH4"
"exp3",1839,"CH4_concentration",797.932406136035,"ppbv CH4"
"exp3",1840,"CH4_concentration",798.397323171163,"ppbv CH4"
"exp3",1841,"CH4_concentration",799.070322926244,"ppbv CH4"
"exp3",1842,"CH4_concentration",800.011321908355,"ppbv CH4"
"exp3",1843,"CH4_concentration",801.50234755962,"ppbv CH4"
"exp3",1844,"CH4_concentration",803.629200961188,"ppbv CH4"
"exp3",1845,"CH4_concentration",805.67515790722,"ppbv CH4"
"exp3",1846,"CH4_concentration",807.266010314675,"ppbv CH4"
"exp3",1847,"CH4_concentration",807.947055943512,"ppbv CH4"
"exp3",1848,"CH4_concentration",808.10207626277,"ppbv CH4"
"exp3",1849,"CH4_concentration",808.225006736661,"ppbv CH4"
"exp3",1850,"CH4_concentration",808.259117672031,"ppbv CH4"
"exp3",1851,"CH4_concentration",808.424635181111,"ppbv CH4"
"exp3",1852,"CH4_concentration",809.17463402455,"ppbv CH4"
"exp3",1853,"CH4_concentration",810.417349541488,"ppbv CH4"
"exp3",1854,"CH4_concentration",811.748060196653,"ppbv CH4"
"exp3",1855,"CH4_concentration",813.348572043612,"ppbv CH4"
"exp3",1856,"CH4_concentration",814.812537741519,"ppbv CH4"
"exp3",1857,"CH4_concentration",816.469329488994,"ppbv CH4"
"exp3",1858,"CH4_concentration",818.373812986351,"ppbv CH4"
"exp3",1859,"CH4_concentration",820.414594582084,"ppbv CH4"
"exp3",1860,"CH4_concentration",822.331295142545,"ppbv CH4"
"exp3",1861,"CH4_concentration",824.420567091142,"ppbv CH4"
"exp3",1862,"CH4_concentration",827.05442501593,"ppbv CH4"
"exp3",1863,"CH4_concentration",830.195033733395,"ppbv CH4"
"exp3",1864,"CH4_concentration",833.632135418852,"ppbv CH4"
"exp3",1865,"CH4_concentration",836.92143991175,"ppbv CH4"
"exp3",1866,"CH4_concentration",840.388826401818,"ppbv CH4"
"exp3",1867,"CH4_concentration",844.022069779622,"ppbv CH4"
"exp3",1868,"CH4_concentration",847.27837744901,"ppbv CH4"
"exp3",1869,"CH4_concentration",850.163853949984,"ppbv CH4"
"exp3",1870,"CH4_concentration",852.475249433607,"ppbv CH4"
"exp3",1871,"CH4_concentration",854.041796426043,"ppbv CH4"
"exp3",1872,"CH4_concentration",855.291582958754,"ppbv CH4"
"exp3",1873,"CH4_concentration",856.238187847054,"ppbv CH4"
"exp3",1874,"CH4_concentration",857.902672264689,"ppbv CH4"
"exp3",1875,"CH4_concentration",859.55534756178,"ppbv CH4"
"exp3",1876,"CH4_concentration",860.949963055542,"ppbv CH4"
"exp3",1877,"CH4_concentration",862.475453015442,"ppbv CH4"
"exp3",1878,"CH4_concentration",864.241592942279,"ppbv CH4"
"exp3",1879,"CH4_concentration",866.39386085205,"ppbv CH4"
"exp3",1880,"CH4_concentration",868.816985381583,"ppbv CH4"
"exp3",1881,"CH4_concentration",871.116177399101,"ppbv CH4"
"exp3",1882,"CH4_concentration",873.391851771009,"ppbv CH4"
"exp3",1883,"CH4_concentration",875.753673564301,"ppbv CH4"
"exp3",1884,"CH4_concentration",878.30913285991,"ppbv CH4"
"exp3",1885,"CH4_concentration",881.177086009855,"ppbv CH4"
"exp3",1886,"CH4_concentration",883.978880783243,"ppbv CH4"
"exp3",1887,"CH4_concentration",887.06151553466,"ppbv CH4"
"exp3",1888,"CH4_concentration",890.044241228298,"ppbv CH4"
"exp3",1889,"CH4_concentration",893.26467067142,"ppbv CH4"
"exp3",1890,"CH4_concentration",896.483004292746,"ppbv CH4"
"exp3",1891,"CH4_concentration",899.75908206703,"ppbv CH4"
"exp3",1892,"CH4_concentration",903.621184490264,"ppbv CH4"
"exp3",1893,"CH4_concentration",907.354841013265,"ppbv CH4"
"exp3",1894,"CH4_concentration",910.554501067533,"ppbv CH4"
"exp3",1895,"CH4_concentration",913.301677344659,"ppbv CH4"
"exp3",1896,"CH4_concentration",914.849370224972,"ppbv CH4"
"exp3",1897,"CH4_concentration",916.358096625633,"ppbv CH4"
"exp3",1898,"CH4_concentration",919.109073331307,"ppbv CH4"
"exp3",1899,"CH4_concentration",922.38264034431,"ppbv CH4"
"exp3",1900,"CH4_concentration",925.664286993244,"ppbv CH4"
"exp3",1901,"CH4_concentration",928.923117474626,"ppbv CH4"
"exp3",1902,"CH4_concentration",932.864433283419,"ppbv CH4"
"exp3",1903,"CH4_concentration",936.927243691045,"ppbv CH4"
"exp3",1904,"CH4_concentration",942.263498743007,"ppbv CH4"
"exp3",1905,"CH4_concentration",947.584843062004,"ppbv CH4"
"exp3",1906,"CH4_concentration",953.226967229345,"ppbv CH4"
"exp3",1907,"CH4_concentration",959.285096210714,"ppbv CH4"
"exp3",1908,"CH4_concentration",964.21138669721,"ppbv CH4"
"exp3",1909,"CH4_concentration",969.521780910491,"ppbv CH4"
"exp3",1910,"CH4_concentration",974.909721711512,"ppbv CH4"
"exp3",1911,"CH4_concentration",979.590168601724,"ppbv CH4"
"exp3",1912,"CH4_concentration",983.734897343105,"ppbv CH4"
"exp3",1913,"CH4_concentration",986.377695957352,"ppbv CH4"
"exp3",1914,"CH4_concentration",988.742129054793,"ppbv CH4"
"exp3",1915,"CH4_concentration",991.586056291531,"ppbv CH4"
"exp3",1916,"CH4_concentration",998.573909350112,"ppbv CH4"
"exp3",1917,"CH4_concentration",1003.68873825691,"ppbv CH4"
"exp3",1918,"CH4_concentration",1010.24994189455,"ppbv CH4"
"exp3",1919,"CH4_concentration",1017.75377144443,"ppbv CH4"
"exp3",1920,"CH4_concentration",1025.20000416959,"ppbv CH4"
"exp3",1921,"CH4_concentration",1032.34037428438,"ppbv CH4"
"exp3",1922,"CH4_concentration",1039.25253832837,"ppbv CH4"
"exp3",1923,"CH4_concentration",1045.29949022935,"ppbv CH4"
"exp3",1924,"CH4_concentration",1049.63406338719,"ppbv CH4"
"exp3",1925,"CH4_concentration",1052.35617607772,"ppbv CH4"
"exp3",1926,"CH4_concentration",1053.81144110633,"ppbv CH4"
"exp3",1927,"CH4_concentration",1055.99868638209,"ppbv CH4"
"exp3",1928,"CH4_concentration",1060.88636609958,"ppbv CH4"
"exp3",1929,"CH4_concentration",1066.92349044213,"ppbv CH4"
"exp3",1930,"CH4_concentration",1072.91876313546,"ppbv CH4"
"exp3",1931,"CH4_concentration",1077.77297291206,"ppbv CH4"
"exp3",1932,"CH4_concentration",1082.25139869896,"ppbv CH4"
"exp3",1933,"CH4_concentration",1086.84649170508,"ppbv CH4"
"exp3",1934,"CH4_concentration",1092.08926876777,"ppbv CH4"
"exp3",1935,"CH4_concentration",1097.41677079399,"ppbv CH4"
"exp3",1936,"CH4_concentration",1102.18782872667,"ppbv CH4"
"exp3",1937,"CH4_concentration",1106.69906505755,"ppbv CH4"
"exp3",1938,"CH4_concentration",1111.02970254648,"ppbv CH4"
"exp3",1939,"CH4_concentration",1117.32575577413,"ppbv CH4"
"exp3",1940,"CH4_concentration",1120.55462171793,"ppbv CH4"
"exp3",1941,"CH4_concentration",1123.69170554015,"ppbv CH4"
"exp3",1942,"CH4_concentration",1128.65503077179,"ppbv CH4"
"exp3",1943,"CH4_concentration",1133.13593951523,"ppbv CH4"
"exp3",1944,"CH4_concentration",1136.75403681971,"ppbv CH4"
"exp3",1945,"CH4_concentration",1139.81117210708,"ppbv CH4"
"exp3",1946,"CH4_concentration",1144.15815468184,"ppbv CH4"
"exp3",1947,"CH4_concentration",1150.14932760112,"ppbv CH4"
"exp3",1948,"CH4_concentration",1156.15493994709,"ppbv CH4"
"exp3",1949,"CH4_concentration",1160.89028975068,"ppbv CH4"
"exp3",1950,"CH4_concentration",1164.37492942611,"ppbv CH4"
"exp3",1951,"CH4_concentration",1169.37826075824,"ppbv CH4"
"exp3",1952,"CH4_concentration",1174.8886728841,"ppbv CH4"
"exp3",1953,"CH4_concentration",1183.94605895826,"ppbv CH4"
"exp3",1954,"CH4_concentration",1195.02191847456,"ppbv CH4"
"exp3",1955,"CH4_concentration",1207.24665982997,"ppbv CH4"
"exp3",1956,"CH4_concentration",1221.70110032318,"ppbv CH4"
"exp3",1957,"CH4_concentration",1236.40315701855,"ppbv CH4"
"exp3",1958,"CH4_concentration",1248.02241416972,"ppbv CH4"
"exp3",1959,"CH4_concentration",1257.91750892403,"ppbv CH4"
"exp3",1960,"CH4_concentration",1264.7129041087,"ppbv CH4"
"exp3",1961,"CH4_concentration",1270.05013463625,"ppbv CH4"
"exp3",1962,"CH4_concentration",1283.15483007229,"ppbv CH4"
"exp3",1963,"CH4_concentration",1301.36290891583,"ppbv CH4"
"exp3",1964,"CH4_concentration",1317.92003436522,"ppbv CH4"
"exp3",1965,"CH4_concentration",1331.56765393528,"ppbv CH4"
"exp3",1966,"CH4_concentration",1342.7088692105,"ppbv CH4"
"exp3",1967,"CH4_concentration",1354.70298935015,"ppbv CH4"
"exp3",1968,"CH4_concentration",1372.04385291006,"ppbv CH4"
"exp3",1969,"CH4_concentration",1389.70203285918,"ppbv CH4"
"exp3",1970,"CH4_concentration",1411.43076726382,"ppbv CH4"
"exp3",1971,"CH4_concentration",1431.42584472472,"ppbv CH4"
"exp3",1972,"CH4_concentration",1449.57531494651,"ppbv CH4"
"exp3",1973,"CH4_concentration",1463.12961389813,"ppbv CH4"
"exp3",1974,"CH4_concentration",1476.3974890058,"ppbv CH4"
"exp3",1975,"CH4_concentration",1491.99299517448,"ppbv CH4"
"exp3",1976,"CH4_concentration",1509.36658415099,"ppbv CH4"
"exp3",1977,"CH4_concentration",1527.93627739564,"ppbv CH4"
"exp3",1978,"CH4_concentration",1547.15136227591,"ppbv CH4"
"exp3",1979,"CH4_concentration",1566.4390062086,"ppbv CH4"
"exp3",1980,"CH4_concentration",1585.25243784106,"ppbv CH4"
"exp3",1981,"CH4_concentration",1603.01090162634,"ppbv CH4"
"exp3",1982,"CH4_concentration",1619.15143937738,"ppbv CH4"
"exp3",1983,"CH4_concentration",1633.11295676943,"ppbv CH4"
"exp3",1984,"CH4_concentration",1645.39279670219,"ppbv CH4"
"exp3",1985,"CH4_concentration",1657.85726477304,"ppbv CH4"
"exp3",1986,"CH4_concentration",1670.67617017122,"ppbv CH4"
"exp3",1987,"CH4_concentration",1683.33077217253,"ppbv CH4"
"exp3",1988,"CH4_concentration",1693.91350154366,"ppbv CH4"
"exp3",1989,"CH4_concentration",1705.33558498725,"ppbv CH4"
"exp3",1990,"CH4_concentration",1715.41068039164,"ppbv CH4"
"exp3",1991,"CH4_concentration",1725.87211301439,"ppbv CH4"
"exp3",1992,"CH4_concentration",1736.78857742715,"ppbv CH4"
"exp3",1993,"CH4_concentration",1737.92463424326,"ppbv CH4"
"exp3",1994,"CH4_concentration",1743.45979091893,"ppbv CH4"
"exp3",1995,"CH4_concentration",1750.23898157272,"ppbv CH4"
"exp3",1996,"CH4_concentration",1752.65512358855,"ppbv CH4"
"exp3",1997,"CH4_concentration",1755.94776265034,"ppbv CH4"
"exp3",1998,"CH4_concentration",1767.14137207913,"ppbv CH4"
"exp3",1999,"CH4_concentration",1774.11827673592,"ppbv CH4"
"exp3",2000,"CH4_concentration",1775.29593860389,"ppbv CH4"
"exp3",2001,"CH4_concentration",1773.67196247028,"ppbv CH4"
"exp3",2002,"CH4_concentration",1775.39230919694,"ppbv CH4"
"exp3",2003,"CH4_concentration",1780.43824859469,"ppbv CH4"
"exp3",2004,"CH4_concentration",1780.50838476817,"ppbv CH4"
"exp3",2005,"CH4_concentration",1778.10927999718,"ppbv CH4"
"exp3",2006,"CH4_concentration",1779.16219087266,"ppbv CH4"
"exp3",2007,"CH4_concentration",1785.94454417018,"ppbv CH4"
"exp3",2008,"CH4_concentration",1791.89331086923,"ppbv CH4"
"exp3",2009,"CH4_concentration",1798.73319759867,"ppbv CH4"
"exp3",2010,"CH4_concentration",1804.38942848242,"ppbv CH4"
"exp3",2011,"CH4_concentration",1808.88670543132,"ppbv CH4"
"exp3",2012,"CH4_concentration",1814.21844532304,"ppbv CH4"
"exp3",2013,"CH4_concentration",1819.8144220216,"ppbv CH4"
"exp3",2014,"CH4_concentration",1829.23235582951,"ppbv CH4"
"exp3",2015,"CH4_concentration",1840.13246898716,"ppbv CH4"
"exp3",1745,"N2O_concentration",273.87,"ppbv N2O"
"exp3",1746,"N2O_concentration",273.900073370227,"ppbv N2O"
"exp3",1747,"N2O_concentration",273.916161671682,"ppbv N2O"
"exp3",1748,"N2O_concentration",273.930255948788,"ppbv N2O"
"exp3",1749,"N2O_concentration",273.945351743946,"ppbv N2O"
"exp3",1750,"N2O_concentration",273.976463700345,"ppbv N2O"
"exp3",1751,"N2O_concentration",274.004581856166,"ppbv N2O"
"exp3",1752,"N2O_concentration",274.036702358668,"ppbv N2O"
"exp3",1753,"N2O_concentration",274.081830248273,"ppbv N2O"
"exp3",1754,"N2O_concentration",274.123954069878,"ppbv N2O"
"exp3",1755,"N2O_concentration",274.158094267848,"ppbv N2O"
"exp3",1756,"N2O_concentration",274.185250188671,"ppbv N2O"
"exp3",1757,"N2O_concentration",274.201406179596,"ppbv N2O"
"exp3",1758,"N2O_concentration",274.233562687709,"ppbv N2O"
"exp3",1759,"N2O_concentration",274.268731857741,"ppbv N2O"
"exp3",1760,"N2O_concentration",274.295912036474,"ppbv N2O"
"exp3",1761,"N2O_concentration",274.324093072976,"ppbv N2O"
"exp3",1762,"N2O_concentration",274.351278615607,"ppbv N2O"
"exp3",1763,"N2O_concentration",274.402480411362,"ppbv N2O"
"exp3",1764,"N2O_concentration",274.439675805365,"ppbv N2O"
"exp3",1765,"N2O_concentration",274.470880950093,"ppbv N2O"
"exp3",1766,"N2O_concentration",274.490098995582,"ppbv N2O"
"exp3",1767,"N2O_concentration",274.523318091985,"ppbv N2O"
"exp3",1768,"N2O_concentration",274.543540389893,"ppbv N2O"
"exp3",1769,"N2O_concentration",274.563776440818,"ppbv N2O"
"exp3",1770,"N2O_concentration",274.590012795173,"ppbv N2O"
"exp3",1771,"N2O_concentration",274.60726020477,"ppbv N2O"
"exp3",1772,"N2O_concentration",274.624508422294,"ppbv N2O"
"exp3",1773,"N2O_concentration",274.639766299845,"ppbv N2O"
"exp3",1774,"N2O_concentration",274.657023890426,"ppbv N2O"
"exp3",1775,"N2O_concentration",274.670292046902,"ppbv N2O"
"exp3",1776,"N2O_concentration",274.684568023036,"ppbv N2O"
"exp3",1777,"N2O_concentration",274.695848972511,"ppbv N2O"
"exp3",1778,"N2O_concentration",274.707133049576,"ppbv N2O"
"exp3",1779,"N2O_concentration",274.717425908956,"ppbv N2O"
"exp3",1780,"N2O_concentration",274.726724905537,"ppbv N2O"
"exp3",1781,"N2O_concentration",274.734022994463,"ppbv N2O"
"exp3",1782,"N2O_concentration",274.74033223172,"ppbv N2O"
"exp3",1783,"N2O_concentration",274.743648673096,"ppbv N2O"
"exp3",1784,"N2O_concentration",274.748972075327,"ppbv N2O"
"exp3",1785,"N2O_concentration",274.753291194716,"ppbv N2O"
"exp3",1786,"N2O_concentration",274.759624788414,"ppbv N2O"
"exp3",1787,"N2O_concentration",274.76095371332,"ppbv N2O"
"exp3",1788,"N2O_concentration",274.7592946276,"ppbv N2O"
"exp3",1789,"N2O_concentration",274.759644889419,"ppbv N2O"
"exp3",1790,"N2O_concentration",274.757996257113,"ppbv N2O"
"exp3",1791,"N2O_concentration",274.754346289177,"ppbv N2O"
"exp3",1792,"N2O_concentration",274.753707444975,"ppbv N2O"
"exp3",1793,"N2O_concentration",274.738079383308,"ppbv N2O"
"exp3",1794,"N2O_concentration",274.726454165408,"ppbv N2O"
"exp3",1795,"N2O_concentration",274.708827150785,"ppbv N2O"
"exp3",1796,"N2O_concentration",274.692209500217,"ppbv N2O"
"exp3",1797,"N2O_concentration",274.677595774062,"ppbv N2O"
"exp3",1798,"N2O_concentration",274.65998593281,"ppbv N2O"
"exp3",1799,"N2O_concentration",274.645376837948,"ppbv N2O"
"exp3",1800,"N2O_concentration",274.62178005067,"ppbv N2O"
"exp3",1801,"N2O_concentration",274.606186133533,"ppbv N2O"
"exp3",1802,"N2O_concentration",274.596596147828,"ppbv N2O"
"exp3",1803,"N2O_concentration",274.578010855232,"ppbv N2O"
"exp3",1804,"N2O_concentration",274.558428119319,"ppbv N2O"
"exp3",1805,"N2O_concentration",274.537850603126,"ppbv N2O"
"exp3",1806,"N2O_concentration",274.51828466988,"ppbv N2O"
"exp3",1807,"N2O_concentration",274.498713183,"ppbv N2O"
"exp3",1808,"N2O_concentration",274.481155206321,"ppbv N2O"
"exp3",1809,"N2O_concentration",274.452600203864,"ppbv N2O"
"exp3",1810,"N2O_concentration",274.429039240907,"ppbv N2O"
"exp3",1811,"N2O_concentration",274.402491981713,"ppbv N2O"
"exp3",1812,"N2O_concentration",274.371951191379,"ppbv N2O"
"exp3",1813,"N2O_concentration",274.33441103561,"ppbv N2O"
"exp3",1814,"N2O_concentration",274.29787208062,"ppbv N2O"
"exp3",1815,"N2O_concentration",274.247342491939,"ppbv N2O"
"exp3",1816,"N2O_concentration",274.208815636859,"ppbv N2O"
"exp3",1817,"N2O_concentration",274.172297080628,"ppbv N2O"
"exp3",1818,"N2O_concentration",274.135772389487,"ppbv N2O"
"exp3",1819,"N2O_concentration",274.114256330305,"ppbv N2O"
"exp3",1820,"N2O_concentration",274.070746368724,"ppbv N2O"
"exp3",1821,"N2O_concentration",274.033239574206,"ppbv N2O"
"exp3",1822,"N2O_concentration",273.995739513892,"ppbv N2O"
"exp3",1823,"N2O_concentration",273.957238755503,"ppbv N2O"
"exp3",1824,"N2O_concentration",273.908742467225,"ppbv N2O"
"exp3",1825,"N2O_concentration",273.847249618271,"ppbv N2O"
"exp3",1826,"N2O_concentration",273.788766678527,"ppbv N2O"
"exp3",1827,"N2O_concentration",273.737288916443,"ppbv N2O"
"exp3",1828,"N2O_concentration",273.700806600435,"ppbv N2O"
"exp3",1829,"N2O_concentration",273.661332398542,"ppbv N2O"
"exp3",1830,"N2O_concentration",273.622858880774,"ppbv N2O"
"exp3",1831,"N2O_concentration",273.578389816904,"ppbv N2O"
"exp3",1832,"N2O_concentration",273.501924377445,"ppbv N2O"
"exp3",1833,"N2O_concentration",273.429465435401,"ppbv N2O"
"exp3",1834,"N2O_concentration",273.271009060814,"ppbv N2O"
"exp3",1835,"N2O_concentration",273.13555643182,"ppbv N2O"
"exp3",1836,"N2O_concentration",273.010109517076,"ppbv N2O"
"exp3",1837,"N2O_concentration",272.928664986963,"ppbv N2O"
"exp3",1838,"N2O_concentration",272.921218909169,"ppbv N2O"
"exp3",1839,"N2O_concentration",272.912779449428,"ppbv N2O"
"exp3",1840,"N2O_concentration",272.853346079846,"ppbv N2O"
"exp3",1841,"N2O_concentration",272.742911176831,"ppbv N2O"
"exp3",1842,"N2O_concentration",272.635488116462,"ppbv N2O"
"exp3",1843,"N2O_concentration",272.660057071245,"ppbv N2O"
"exp3",1844,"N2O_concentration",272.700641003613,"ppbv N2O"
"exp3",1845,"N2O_concentration",272.692219585341,"ppbv N2O"
"exp3",1846,"N2O_concentration",272.781800993948,"ppbv N2O"
"exp3",1847,"N2O_concentration",272.864394695231,"ppbv N2O"
"exp3",1848,"N2O_concentration",272.93598236363,"ppbv N2O"
"exp3",1849,"N2O_concentration",273.004574974203,"ppbv N2O"
"exp3",1850,"N2O_concentration",273.071174501502,"ppbv N2O"
"exp3",1851,"N2O_concentration",273.143778920016,"ppbv N2O"
"exp3",1852,"N2O_concentration",273.217383404098,"ppbv N2O"
"exp3",1853,"N2O_concentration",273.312991729248,"ppbv N2O"
"exp3",1854,"N2O_concentration",273.411601467485,"ppbv N2O"
"exp3",1855,"N2O_concentration",273.518214995973,"ppbv N2O"
"exp3",1856,"N2O_concentration",273.625828588609,"ppbv N2O"
"exp3",1857,"N2O_concentration",273.72245111979,"ppbv N2O"
"exp3",1858,"N2O_concentration",273.803075367647,"ppbv N2O"
"exp3",1859,"N2O_concentration",273.941701208402,"ppbv N2O"
"exp3",1860,"N2O_concentration",274.102328216042,"ppbv N2O"
"exp3",1861,"N2O_concentration",274.285958165481,"ppbv N2O"
"exp3",1862,"N2O_concentration",274.461595430541,"ppbv N2O"
"exp3",1863,"N2O_concentration",274.616229289692,"ppbv N2O"
"exp3",1864,"N2O_concentration",274.764877021948,"ppbv N2O"
"exp3",1865,"N2O_concentration",274.924511303428,"ppbv N2O"
"exp3",1866,"N2O_concentration",275.092161910764,"ppbv N2O"
"exp3",1867,"N2O_concentration",275.256811822326,"ppbv N2O"
"exp3",1868,"N2O_concentration",275.43445991726,"ppbv N2O"
"exp3",1869,"N2O_concentration",275.604117770539,"ppbv N2O"
"exp3",1870,"N2O_concentration",275.762771662302,"ppbv N2O"
"exp3",1871,"N2O_concentration",275.945432870662,"ppbv N2O"
"exp3",1872,"N2O_concentration",276.120093473454,"ppbv N2O"
"exp3",1873,"N2O_concentration",276.291763550254,"ppbv N2O"
"exp3",1874,"N2O_concentration",276.457437079607,"ppbv N2O"
"exp3",1875,"N2O_concentration",276.626101341339,"ppbv N2O"
"exp3",1876,"N2O_concentration",276.775778713703,"ppbv N2O"
"exp3",1877,"N2O_concentration",276.904452378249,"ppbv N2O"
"exp3",1878,"N2O_concentration",277.042126214273,"ppbv N2O"
"exp3",1879,"N2O_concentration",277.172811500991,"ppbv N2O"
"exp3",1880,"N2O_concentration",277.304496319857,"ppbv N2O"
"exp3",1881,"N2O_concentration",277.413173250153,"ppbv N2O"
"exp3",1882,"N2O_concentration",277.524871473377,"ppbv N2O"
"exp3",1883,"N2O_concentration",277.629560769685,"ppbv N2O"
"exp3",1884,"N2O_concentration",277.733255619778,"ppbv N2O"
"exp3",1885,"N2O_concentration",277.83294990427,"ppbv N2O"
"exp3",1886,"N2O_concentration",277.922647104145,"ppbv N2O"
"exp3",1887,"N2O_concentration",278.032345900929,"ppbv N2O"
"exp3",1888,"N2O_concentration",278.117053174316,"ppbv N2O"
"exp3",1889,"N2O_concentration",278.227756106961,"ppbv N2O"
"exp3",1890,"N2O_concentration",278.3094670786,"ppbv N2O"
"exp3",1891,"N2O_concentration",278.383177272332,"ppbv N2O"
"exp3",1892,"N2O_concentration",278.477883270322,"ppbv N2O"
"exp3",1893,"N2O_concentration",278.589602553023,"ppbv N2O"
"exp3",1894,"N2O_concentration",278.7243191015,"ppbv N2O"
"exp3",1895,"N2O_concentration",278.86603909702,"ppbv N2O"
"exp3",1896,"N2O_concentration",278.973762220747,"ppbv N2O"
"exp3",1897,"N2O_concentration",279.085480256985,"ppbv N2O"
"exp3",1898,"N2O_concentration",279.19720818815,"ppbv N2O"
"exp3",1899,"N2O_concentration",279.341935396821,"ppbv N2O"
"exp3",1900,"N2O_concentration",279.487666764445,"ppbv N2O"
"exp3",1901,"N2O_concentration",279.646398173138,"ppbv N2O"
"exp3",1902,"N2O_concentration",279.894136205164,"ppbv N2O"
"exp3",1903,"N2O_concentration",280.188863341774,"ppbv N2O"
"exp3",1904,"N2O_concentration",280.464602862678,"ppbv N2O"
"exp3",1905,"N2O_concentration",280.737346252128,"ppbv N2O"
"exp3",1906,"N2O_concentration",281.012090493533,"ppbv N2O"
"exp3",1907,"N2O_concentration",281.307832870425,"ppbv N2O"
"exp3",1908,"N2O_concentration",281.642578766791,"ppbv N2O"
"exp3",1909,"N2O_concentration",281.981329566011,"ppbv N2O"
"exp3",1910,"N2O_concentration",282.345078751553,"ppbv N2O"
"exp3",1911,"N2O_concentration",282.751829206055,"ppbv N2O"
"exp3",1912,"N2O_concentration",283.049585512106,"ppbv N2O"
"exp3",1913,"N2O_concentration",283.392339360493,"ppbv N2O"
"exp3",1914,"N2O_concentration",283.746099332731,"ppbv N2O"
"exp3",1915,"N2O_concentration",284.076861014403,"ppbv N2O"
"exp3",1916,"N2O_concentration",284.341622789441,"ppbv N2O"
"exp3",1917,"N2O_concentration",284.644391047183,"ppbv N2O"
"exp3",1918,"N2O_concentration",284.834159572881,"ppbv N2O"
"exp3",1919,"N2O_concentration",284.879930253921,"ppbv N2O"
"exp3",1920,"N2O_concentration",284.957692882417,"ppbv N2O"
"exp3",1921,"N2O_concentration",285.067462642185,"ppbv N2O"
"exp3",1922,"N2O_concentration",285.198242917668,"ppbv N2O"
"exp3",1923,"N2O_concentration",285.495010192938,"ppbv N2O"
"exp3",1924,"N2O_concentration",285.632795348258,"ppbv N2O"
"exp3",1925,"N2O_concentration",285.679576375507,"ppbv N2O"
"exp3",1926,"N2O_concentration",285.719352763855,"ppbv N2O"
"exp3",1927,"N2O_concentration",285.767139299838,"ppbv N2O"
"exp3",1928,"N2O_concentration",285.859920569008,"ppbv N2O"
"exp3",1929,"N2O_concentration",285.917710055987,"ppbv N2O"
"exp3",1930,"N2O_concentration",285.964497248344,"ppbv N2O"
"exp3",1931,"N2O_concentration",286.150278332398,"ppbv N2O"
"exp3",1932,"N2O_concentration",286.24807379094,"ppbv N2O"
"exp3",1933,"N2O_concentration",286.39686841308,"ppbv N2O"
"exp3",1934,"N2O_concentration",286.492660683942,"ppbv N2O"
"exp3",1935,"N2O_concentration",286.612456692304,"ppbv N2O"
"exp3",1936,"N2O_concentration",286.772250224398,"ppbv N2O"
"exp3",1937,"N2O_concentration",286.976049065042,"ppbv N2O"
"exp3",1938,"N2O_concentration",287.215847602305,"ppbv N2O"
"exp3",1939,"N2O_concentration",287.411654019636,"ppbv N2O"
"exp3",1940,"N2O_concentration",287.643452408829,"ppbv N2O"
"exp3",1941,"N2O_concentration",287.888263052883,"ppbv N2O"
"exp3",1942,"N2O_concentration",288.162077141363,"ppbv N2O"
"exp3",1943,"N2O_concentration",288.804860360287,"ppbv N2O"
"exp3",1944,"N2O_concentration",289.023692486662,"ppbv N2O"
"exp3",1945,"N2O_concentration",289.250493621945,"ppbv N2O"
"exp3",1946,"N2O_concentration",289.450311153928,"ppbv N2O"
"exp3",1947,"N2O_concentration",289.534125171412,"ppbv N2O"
"exp3",1948,"N2O_concentration",289.57894946653,"ppbv N2O"
"exp3",1949,"N2O_concentration",289.620764028954,"ppbv N2O"
"exp3",1950,"N2O_concentration",289.761574046928,"ppbv N2O"
"exp3",1951,"N2O_concentration",289.882406705713,"ppbv N2O"
"exp3",1952,"N2O_concentration",290.047226794559,"ppbv N2O"
"exp3",1953,"N2O_concentration",290.356037800877,"ppbv N2O"
"exp3",1954,"N2O_concentration",290.569871909023,"ppbv N2O"
"exp3",1955,"N2O_concentration",290.865692910623,"ppbv N2O"
"exp3",1956,"N2O_concentration",291.208519992588,"ppbv N2O"
"exp3",1957,"N2O_concentration",291.533345542286,"ppbv N2O"
"exp3",1958,"N2O_concentration",291.79318024987,"ppbv N2O"
"exp3",1959,"N2O_concentration",292.008007906376,"ppbv N2O"
"exp3",1960,"N2O_concentration",292.30384340231,"ppbv N2O"
"exp3",1961,"N2O_concentration",292.622677625121,"ppbv N2O"
"exp3",1962,"N2O_concentration",292.965505063407,"ppbv N2O"
"exp3",1963,"N2O_concentration",293.347353206409,"ppbv N2O"
"exp3",1964,"N2O_concentration",293.705190242505,"ppbv N2O"
"exp3",1965,"N2O_concentration",294.065019962373,"ppbv N2O"
"exp3",1966,"N2O_concentration",294.472865155879,"ppbv N2O"
"exp3",1967,"N2O_concentration",294.879709711762,"ppbv N2O"
"exp3",1968,"N2O_concentration",295.288551820296,"ppbv N2O"
"exp3",1969,"N2O_concentration",295.700393571388,"ppbv N2O"
"exp3",1970,"N2O_concentration",296.117233755338,"ppbv N2O"
"exp3",1971,"N2O_concentration",296.541086662318,"ppbv N2O"
"exp3",1972,"N2O_concentration",296.973930682568,"ppbv N2O"
"exp3",1973,"N2O_concentration",297.4177800063,"ppbv N2O"
"exp3",1974,"N2O_concentration",297.873631623933,"ppbv N2O"
"exp3",1975,"N2O_concentration",298.34448632571,"ppbv N2O"
"exp3",1976,"N2O_concentration",298.832338002127,"ppbv N2O"
"exp3",1977,"N2O_concentration",299.337183943416,"ppbv N2O"
"exp3",1978,"N2O_concentration",299.863042540134,"ppbv N2O"
"exp3",1979,"N2O_concentration",300.410897682845,"ppbv N2O"
"exp3",1980,"N2O_concentration",300.982756162094,"ppbv N2O"
"exp3",1981,"N2O_concentration",301.579609568407,"ppbv N2O"
"exp3",1982,"N2O_concentration",302.204476692411,"ppbv N2O"
"exp3",1983,"N2O_concentration",302.859336124871,"ppbv N2O"
"exp3",1984,"N2O_concentration",303.545194856344,"ppbv N2O"
"exp3",1985,"N2O_concentration",304.264059477785,"ppbv N2O"
"exp3",1986,"N2O_concentration",305.018920579994,"ppbv N2O"
"exp3",1987,"N2O_concentration",305.809783453575,"ppbv N2O"
"exp3",1988,"N2O_concentration",306.640658389709,"ppbv N2O"
"exp3",1989,"N2O_concentration",307.847505878941,"ppbv N2O"
"exp3",1990,"N2O_concentration",308.699386605991,"ppbv N2O"
"exp3",1991,"N2O_concentration",309.249256270098,"ppbv N2O"
"exp3",1992,"N2O_concentration",309.741128369674,"ppbv N2O"
"exp3",1993,"N2O_concentration",310.115012797656,"ppbv N2O"
"exp3",1994,"N2O_concentration",310.823861848602,"ppbv N2O"
"exp3",1995,"N2O_concentration",311.294761207598,"ppbv N2O"
"exp3",1996,"N2O_concentration",312.313599571762,"ppbv N2O"
"exp3",1997,"N2O_concentration",313.198487122075,"ppbv N2O"
"exp3",1998,"N2O_concentration",313.922336953747,"ppbv N2O"
"exp3",1999,"N2O_concentration",314.724198362459,"ppbv N2O"
"exp3",2000,"N2O_concentration",315.774082138523,"ppbv N2O"
"exp3",2001,"N2O_concentration",316.507982770675,"ppbv N2O"
"exp3",2002,"N2O_concentration",317.115864557234,"ppbv N2O"
"exp3",2003,"N2O_concentration",317.744733193322,"ppbv N2O"
"exp3",2004,"N2O_concentration",318.371626770933,"ppbv N2O"
"exp3",2005,"N2O_concentration",319.14449448285,"ppbv N2O"
"exp3",2006,"N2O_concentration",319.947374718962,"ppbv N2O"
"exp3",2007,"N2O_concentration",320.66027467174,"ppbv N2O"
"exp3",2008,"N2O_concentration",321.589138335678,"ppbv N2O"
"exp3",2009,"N2O_concentration",322.289039599905,"ppbv N2O"
"exp3",2010,"N2O_concentration",323.154914261476,"ppbv N2O"
"exp3",2011,"N2O_concentration",324.172792710989,"ppbv N2O"
"exp3",2012,"N2O_concentration",325.018690238271,"ppbv N2O"
"exp3",2013,"N2O_concentration",325.932579239819,"ppbv N2O"
"exp3",2014,"N2O_concentration",327.001470407832,"ppbv N2O"
"exp3",2015,"N2O_concentration",327.896094798873,"ppbv N2O"
